RID,NAME,SCIENTNAME
771,"Okra, lady fingers",Abelmoschus esculentus (L.)
54,Sunset hibiscus,Abelmoschus manihot (L.) M.
509,West Himalayan fir,Abies pindrow Spach.
1473,Perennial Indian hemp,Abroma augustum (L.) L.f.
5,China Jute,Abutilon theopharasti Medic
684,Acacia acradenia,Acacia acradenia F. Muell.
597,Rasberry jam,Acacia acuminata Benth.
819,Winter thorn,Acacia albida Del.
685,Acacia ammobia,Acacia ammobia Macconochie
567,Salt wattle,Acacia ampliceps B.R.Maslin
686,Fitzroy wattle,Acacia ancistrocarpa Maid.
598,Mulga,Acacia aneura F. Muell.
677,Acacia anticeps,Acacia anticeps Tind
687,Black gidyea,Acacia argyrodendron Domin.
603,Brown salwood,Acacia aulacocarpa Cunn.
820,Tan wattle,Acacia auriculiformis A.Cu.
1421,Corkwood wattle,Acacia bidwillii Benth.
1708,Umbrella mulga,Acacia brachystachya Benth.
1422,Acacia brassii,Acacia brassii Pedley
688,Burrows wattle,Acacia burrowii Maiden
689,Grey myall,Acacia calcicola Forde&Isi.
1709,Gidgee,Acacia cambagei R.T. Baker
1210,Cutch tree,Acacia catechu (L.f.) Will
1423,Acacia cincinnata,Acacia cincinnata F. Muell.
680,Wirewood,Acacia coriacea DC.
1424,Halls Creek wattle,Acacia cowleana Tate
1425,Northern wattle,Acacia crassicarpa A.Cunn.
821,Rooikrans,Acacia cyclops A. Cunn.
604,Silver wattle,Acacia dealbata Link
296,Green wattle,Acacia decurrens Willd.
681,Acacia dictyophleba,Acacia dictyophleba F.Muell
1426,Acacia difficilis,Acacia difficilis Maiden
691,Broad-leaved hickory,Acacia falciformis DC.
807,Huisache,Acacia farnesiana (L) Willd
1427,Rose wattle,Acacia fasciculifera F.Mue.
1428,Red wattle,Acacia flavescens A.Cunn.
1365,Acacia glaucocaesia,Acacia glaucocaesia Domin
692,Acacia glaucocarpa,Acacia glaucocarpa Maiden
605,Brigalow,Acacia harpophylla F.Muell.
935,Wah-roon,Acacia holosericea A. Cunn
693,Green wattle,Acacia irrorata Sieb. ex S.
569,Acacia jennerae,Acacia jennerae Maiden
570,Acacia jensenii,Acacia jensenii Maiden
1429,Acacia julifera (gil),Acacia julifera Benth.(gil)
694,Acacia julifera (jul),Acacia julifera Benth.(jul)
1363,Acacia laeta,Acacia laeta R.Br.ex Benth.
695,Latzs wattle,Acacia latzii Maslin.
1430,Acacia leptocarpa,Acacia leptocarpa A. Cunn.
1523,Pilang,Acacia leucophloea (Roxb.)
696,Sandhill wattle,Acacia ligulata A. Cunn.
697,Irrara,Acacia macdonnelliensis Ma.
682,Acacia maconochieana,Acacia maconochieana Pedley
698,Maidens wattle,Acacia maidenii F. Muell.
822,Mangium,Acacia mangium Willd.
31,Black wattle,Acacia mearnsii De Wild.
297,Australian blackwood,Acacia melanoxylon R. Br.
1362,Acacia millifera,Acacia millifera (Vahl)Bent
1431,Turpentine,Acacia monticola J.M. Black
571,Sandplain wattle,Acacia murrayana F. Muell
699,Oleander wattle,Acacia neriifolia Cunn.
795,Babul,Acacia nilotica (L.) Willd.
1432,Suli,Acacia oraria F. Muell.
674,Acacia pachyacra,Acacia pachyacra Maiden & B
678,Acacia parchcarpa,Acacia parchcarpa F. Muell.
823,Myall,Acacia pendula A. Cunn.
1433,Black wattle,Acacia plectocarpa A. Cunn.
700,Queensl. silver wattle,Acacia podalyriifolia A. C.
1434,Acacia polystachya,Acacia polystachya A. Cunn.
679,Black gidgee,Acacia pruinocarpa Tindale
336,Golden wattle,Acacia pycnantha Benth.
1435,Tooroo,Acacia rothii Bailey
824,Cooba,Acacia salicina Lindl.
295,Orange wattle,Acacia saligna (Labill) H.
825,Gum arabic tree,Acacia senegal (L.) Willd.
850,Shittim wood,Acacia seyal Del.
1436,Lancewood,Acacia shirleyi Maiden
210,Bodalla wattle,Acacia silvestris Tindale
1437,Heathlands wattle,Acacia simsii A. Cunn ex B.
683,River cooba,Acacia stenophylla A. Cunn.
676,Acacia synchronicia,Acacia synchronicia Maslin
1438,Boree,Acacia tephrina Pedley
298,Umbrella thorn,Acacia tortilis (Forsk) Ha.
1439,Torulosa wattle,Acacia torulosa Benth.
1440,Minni Ritchi,Acacia trachycarpa E. Prit.
1441,Pindan wattle,Acacia tumida F. Muell ex B
675,Prickly wattle,Acacia victoriae Benth.
702,Snakewood,Acacia xiphohylla E. Pritz.
1271,Acanthus,Acanthus ilicifolius L.
1477,Pita fibre,Acehmea magdalenae Andre
1203,Kainsal,Acer caesium Wall.
157,Sugar maple,Acer saccharum
197,Achnatherum splendens,Achnatherum splendens (Tr.)
608,Lilly pilly,Acmena smithii (Poiret) Me.
516,Sweet flag,Acorus calamus L.
299,Shingle tree,Acrocarpus fraxinifolius W.
277,Nile grass,Acroceras macrum Stapf
369,Kiwifruit,Actinidia chinensis Planch.
1135,Baobab,Adansonia digitata F.Muell
1361,Bottle tree,Adansonia gregorii F.Muell.
1224,Malabar nut,Adhatoda vasica (L.) Ness.
1239,Haldu,Adina cordifolia Hook. f.
1278,Kulsi,Aegiceras corniculatum Bla.
1146,Bael,Aegle marmelos Cottea
1270,American joint vetch,Aeschynomene americana L.
519,Joint vetch,Aeschynomene falcata (P.)DC
979,Budda pea,Aeschynomene indica L.
936,Indian horse chestnut,Aesculus indica Griff.
1025,Korarima,Aframomum corrorima (Braun)
870,Melegueta-pepper,Aframomum melegueta (Ros.)
1408,Afzelia africana,Afzelia africana Smith
1488,"Mushroom, cultivated",Agaricus bisporus
673,Kauri,Agathis australis (D. Don)
37,Damar,Agathis dammara (A.B. Lamb)
1502,New Guinea kauri,Agathis labillardieri Warb.
1409,Kauri pine,Agathis macrophylla (Lindl)
1379,Kauri pine,Agathis microstachya Bailey
1380,Kauri pine,Agathis robusta (Moore) Ba.
1474,Cantala fibre,Agave cantala Roxb.
1054,Henequen,Agave fourcroydes Lemaire
1055,Istle,Agave lecheguilla Torrey
777,Sisal,Agave sisalana Perrine
98,Crested wheatgrass Fw.,Agropyron cristatum (L.) G.
69,Thickspine wheatgrass,Agropyron dasystachyum
63,Crested wheatgrass,Agropyron desertorum (Fis.)
91,Tall wheatgrass,Agropyron elongatum (Host)
64,Grenar wheatgrass,Agropyron intermedium Host
196,Agropyron mongolicum,Agropyron mongolicum Keng
74,Quarkgrass,Agropyron repens (L.)Beauv.
70,Streambank wheatgrass,Agropyron riparium Scribn.
100,Siberian wheatgrass,Agropyron sibiricum (Will.)
65,Western wheatgrass,Agropyron smithii Rydb.
71,Bluebunch wheatgrass,Agropyron spicatum (Pursh)
101,Tauri wheatgrass,Agropyron tauri Boiss.&Bal.
156,Slender wheatgrass,Agropyron trachycaulum Link
99,Stiff Hair wheatgrass,Agropyron trichophorum Lin.
88,Velvet bentgrass,Agrostis canina L.
16,Common bentgrass,Agrostis gigantea Roth.
72,Creeping bentgrass,Agrostis stolonifera L.
89,Colonial bentgrass,Agrostis tenuis Sibth.
198,Agrostis trinii,Agrostis trinii Turcz.
174,Ailanthus,Ailanthus altissima (Mill.)
1147,Maharukh,Ailanthus excelsa Roxb.
1149,Gokul,Ailanthus grandis Prain
1413,Karai,Albizia chinensis (Osb.) M.
787,Batai,Albizia falcataria (L.) Fo.
826,East Indian walnut,Albizia lebbeck (L.) Benth.
703,Crested wattle,Albizia lophantha (Willd.)
1214,Burmese siris,Albizia lucida Benth.
1213,Black siris,Albizia odoratissima Benth
1212,White siris,Albizia procera (Roxb.)Ben.
1516,Albizia pullenii,Albizia pullenii Verdc.
1211,Chakua,Albizia stipulata Boivin.
1442,Red siris,Albizia toona Bailey
1091,Tung-oil-tree,Aleurites fordii Hemsl.
1092,Candlenut,Aleurites moluccana (L.) W.
1048,Mu-oil-tree,Aleurites montana (Lour.)
49,Leek,Allium ampeloprasum L.v p.
1608,Shallot,Allium cepa L. v aggregatum
1550,Onion,Allium cepa L. v cepa
212,Rakkyo,Allium chinense G. Don
1609,Welsh onion,Allium fistulosum L.
36,Garlic,Allium sativum L.
50,Chives,Allium schoenoprasum L.
51,Chinese chives,Allium tuberosum Rottler
827,Alder,Alnus acuminata O. Kuntze
578,Japanese alder,Alnus japonica (Thunb.) St.
828,Nepalese alder,Alnus nepalensis D. Don
38,Red alder,Alnus rubra Bong.
888,Giant taro,Alocasia macrorrhiza (L) S
763,"Aloe, Barbados",Aloe barbadensis Miller
1305,Cape aloe,Aloe ferox Miller
1306,Socotrine aloe,Aloe perryi Baker
75,Creeping foxtail,Alopecurus arundinaceus Po.
73,Meadow foxtail,Alopecurus pratensis L.
704,Red ash,Alphityonia excelsa (Fren.)
1096,Greater galanga,Alpinia galanga (L.) Willd.
1503,Lesser galanga,Alpinia officinarum Hance
1382,White cheesewood,Alstonia scholaris (L)R.Br.
1410,Rasamala,Altingia excelsa Norona
978,Alyce clover,Alysicarpus vaginalis L. DC
1610,Inca wheat,Amaranthus caudatus L.
1611,Spanish greens,Amaranthus cruentus L.
1624,Amaranth,Amaranthus dubius L.
1612,Princess feather,Amaranthus hypochondriacus
1613,Livid amaranth,Amaranthus lividus L.
1553,Amaranthus,Amaranthus spp.
1614,Chinese amarath,Amaranthus tricolor L.
1364,Fibra,Ammandra natalia
76,European beachgrass,Ammophila arenaria (L.)Link
77,American beachgrass,Ammophilla breviligulata F.
889,Elephant yam,Amorphophallus campanulatus
261,Cashew,Anacardium occidentale L.
774,Pineapple,Ananas comosus (L) Merr.
796,Gamba grass,Andropogon gayanus Kunth
135,Big bluestem,Andropogon gerardii Vitman
134,Sand bluestem,Andropogon hallii Hack.
56,Dill,Anethum graveolens L.
136,Garden angelica,Angelica archangelica L.
609,Smooth-barked apple,Angophora costata (Gaertn.)
610,Rough-barked apple,Angophora floribunda (Smi.)
1411,Boilam,Anisoptera scaphula (Roxb.)
1601,Atemoya,Annona atemoya Hort
403,Cherimoya,Annona cherimolia Miller
920,Ilama,Annona diversifolia Saff.
921,Mountain soursop,Annona montana Macfad.
1595,Soursop,Annona muricata L.
404,Bullock's heart,Annona reticulata L.
1519,Poshte,Annona scleroderma Saff.
919,Sugar apple,Annona squamosa L.
1358,Chakwa,Anogeissus acuminata Wall.
1464,Axlewood,Anogeissus latifolia (Roxb)
1222,Axle-wood tree,Anogeissus latifolia Roxb.
1223,Kardhai,Anogeissus pendula Edgew.
109,Chamomile,Anthemis nobilis (L.) All.
942,Wool grass,Anthephora pubescens Nees
829,Kadam,Anthocephalus chinensis Lam
1412,Samama,Anthocephalus macrophyllus
1541,Carbage tree,Anthocleista nobilis G. Don
110,Chervil,Anthriscus cerefolium L.
467,Kidney vetch,Anthyllis vulneraria L.
1529,Bignay,Antidesma bunius (L.) Spre.
41,Celery,Apium graveolens L. v dulce
1574,Celeriac,Apium graveolens L. v rapac
1316,Rhizoma peanut,Arachis glabrata Benth.
247,Groundnut,Arachis hypogaea L.
1317,Pinto peanut,Arachis pintoi Krap.& Greg.
830,Parana pine,Araucaria angustifolia Ber.
584,Bunya pine,Araucaria bidwillii Hook.
831,Hoop pine,Araucaria cunninghamii Ait.
832,Klinkii pine,Araucaria hunsteinii K.Sch.
1490,Jengkol,Archidendron jiringa (Jack)
591,Bangalow palm,Archontophoenix cunningham.
15,Betel palm,Areca catechu L.
1038,Sugar palm,Arenga pinnata (Wurmb.)Merr
241,Argan,Argania spinosa (L.) Skeels
661,Blush tulip oak  (act),Argyrodendron actinophyllum
1393,Blush tulip oak  (div),Argyrodendron actinophyllum
1394,Red tulip oak,Argyrodendron peralatum Ba.
1254,Six-weeks three-awn,Aristida adscensionis L.
1006,Nissi,Aristida ciliata Desf.
1010,Shafshoof ain seela,Aristida lanata Forssk.
911,Feathertop wire grass,Aristida latifolia Domin
1007,Triple awned grass,Aristida obtusa Del.
1635,Aristida pennata,Aristida pennata Trin.
1631,Soliane,Aristida plumosa L.
1009,Drin,Aristida pungens Desf.
1008,Nussi,Aristida raddiana Savi.
1575,Horseradish,Armoracia rusticana P.Gaer.
902,Peruvian carrot,Arracacia xanthorrhiza Ban.
102,Meadow oat grass,Arrhenatherum elatius (L.)
468,Southernwood,Artemisia abrotanum L.
1542,"Wormwood, African",Artemisia afra Jacq.
114,Tarragon,Artemisia dracunculus L.
937,Breadfruit,Artocarpus altilis (Park.)
1250,Chaplash,Artocarpus chaplasha Roxb.
48,Jackfruit,Artocarpus heterophyllus L.
1530,Ranphannas,Artocarpus hirsuta Lam.
1531,Chempedak,Artocarpus integer (Thunb.)
1251,Monkey jack,Artocarpus lakoocha Roxb.
1318,Bamboo grass,Arundinaria pusilla A. Che.
671,Arundinella hirta,Arundinella hirta (Thunb) K
477,Custard banana,Asiminia triloba (L.) Dunal
1307,Springer asparagus,Asparagus densiflorus cv S.
1565,Asparagus,Asparagus officinalis L.
155,Cicer milkvetch,Astragalus cicer L.
1173,Gum tragacanth,Astragalus gummifer Labill.
476,Hoop mitchell grass,Astrebla elymoides F. Muell
475,Curly mitchell grass,Astrebla lappacea (Lindl.)
474,Barley mitchell grass,Astrebla pectinata (Lindl.)
279,Bull mitchell grass,Astrebla squarrosa C.E.Hubb
1226,Jauari,Astrocaryum jauari
1319,Rumbut bunga putih,Asystasia gangetica (L.)T.A
705,White wood,Atalaya hemiglauca (F. Mu.)
1386,Southern sassafras,Atherosperma moschatum Lab.
177,King William pine,Athrotaxis selaginoides Don
461,Fourwing saltbush,Atriplex canescens (Pursh.)
1083,Shadscale,Atriplex confertifolia (T.)
568,Gardner saltbush,Atriplex gardneri
1079,Guettafia,Atriplex glauca L.
1080,Mediterranean sal,Atriplex halimus L.
1081,Garden oarch,Atriplex hortensis L.
1082,Quail bush,Atriplex lentiformis (Tor.)
1084,Old man saltbush,Atriplex nummularia Lindl.
1078,Bladder saltbush,Atriplex vesicaria Heward
1237,Bahia piassava palm,Attalea funifera Mart.
1177,Gaboon,Aucoumea klaineana Pierre
730,Jew's ear,Auricularia spp.
120,Red oat,Avena byzantina K. Koch
234,Wild oat,Avena fatau L.
224,Oats,Avena sativa L.
397,Sterile oat,Avena sterilis L.
939,Bilimbi,Averrhoa bilimbi L.
409,Carambola,Averrhoa carambola L.
1465,Black mangrove,Avicennia germinans (L.) L.
1466,Grey mangrove,Avicennia marina (Forsk.) V
1272,White mangrove,Avicennia officinalis L.
280,Carpet grass,Axonopus affinis Chase
281,Tropical carpet grass,Axonopus compressus (Sw.) B
511,Imperial,Axonopus scoparius (Flugge)
833,Neem,Azadirachta indica A. Juss.
1532,Rambai,Baccaurea motleyana (Muel.)
1534,Burmese grape,Baccaurea ramiflora Lour.
1533,Kapundung,Baccaurea recamosa (Reinw.)
1690,Peach palm,Bactris gasipaes H.B.K.
1100,Desert date,Balanites aegyptiaca (L)Del
1058,Thorny bamboo,Bambusa arundinacea Willd.
1059,Barobans,Bambusa balcooa Roxb.
1060,Taru,Bambusa longispiculata Gam.
1061,Bamboo nutans,Bambusa nutans Wall.
1062,Kyathaungwa,Bambusa polymorpha Munro.
1063,Tulda,Bambusa tulda Roxb.
1064,Bariala,Bambusa vulgaris Schrad.
659,White honysuckle,Banksia integrifolia L. f.
1101,Camwood,Baphia nitida Lodd.
1686,Ceylon spinach,Basella alba L.
1241,Kat illipi,Bassia latifolia Roxb.
1095,Camel's foot,Bauhinia esculenta Burchell
1208,Bauhinia,Bauhinia racemosa L.
79,Sloughgrass,Beckmannia syzigachne (St.)
1560,Wax gourd,Benincasa hispida (T.) Cogn
1143,Trincomalee wood,Berrya cordifolia (Willd.)
451,Brazil nut,Bertholletia excelsa H.& B.
53,Swiss chard,Beta vulgaris L. v cicla
52,Garden beet,Beta vulgaris L. v crassa
1,Spinach beet,Beta vulgaris L. v flavesc.
213,Sugar beet,Beta vulgaris L. v vulgaris
1033,Annato,Bixa orellana L.
786,Akee,Blighia sapida Koenig
264,Ramie,Boehmeria nivea (L.) Gaud.
834,Pochote,Bombacopsis quinata (Jacq.)
1136,Red silk cotton tree,Bombax ceiba L.
1137,Semul,Bombax insigne Wall.
443,Borage,Borago officinalis L.
1230,Palmyra palm,Borassus flabellifer L.
1150,Indian olibanum tree,Boswellia serrata Roxb.
910,Australian bluestem,Bothriochloa bladhii (Ret.)
941,Sweet-pitted grass,Bothriochloa insculpta (A.)
282,Yellow  bluestem,Bothriochloa ischaemum (L.)
283,Seymour grass,Bothriochloa pertusa (L.) C
530,Side-oats grama,Bouteloua curtipendula (M.)
1693,Blue grama,Bouteloua gracilis (Willd.)
284,Signal grass,Brachiaria brizantha (A.R.)
797,Surinam grass,Brachiaria decumbens Stapf
912,Brachiaria dura,Brachiaria dura Stapf
1011,Koronivia grass,Brachiaria humidicola (R) S
798,Para grass,Brachiaria mutica (For.) St
1255,Tanner grass,Brachiaria radicans Napper
907,Browntop millet,Brachiaria ramosa (L.)Stapf
913,Kennedy ruzi grass,Brachiaria ruziziensis G&E
914,Cori grass,Brachiaria supquadripara T.
548,Flame tree,Brachychiton acerifolius F.
835,Kurrajong,Brachychiton populneus (S.)
1618,Bird rape,Brassica campestris L.
221,Chinese cabbage,Brassica chinensis L.
222,Leaf mustard,Brassica juncea (L.) Czern.
220,Swede rap,Brassica napus L.
384,Rutabaga,Brassica napus L. Napobras.
138,Black mustard,Brassica nigra L.
275,Collards,Brassica oleracea L.v acep.
274,Cauliflower,Brassica oleracea L.v botr.
225,Cabbage,Brassica oleracea L.v capi.
273,Brussels sprouts,Brassica oleracea L.v gemm.
276,Kohlrabi,Brassica oleracea L.v gong.
1568,Sprouting broccoli,Brassica oleracea L.v ital.
724,Caisin,Brassica rapa L. Gaisin gr.
725,Pak choi,Brassica rapa L. Pak Choi
266,Turnip rap,Brassica rapa L. v rapifera
399,Mountain brome,Bromus carinatus Hook.&Arn.
18,Brome grass,Bromus inermis Leyss.
400,Mountain bromegrass,Bromus marginatus Nees.
103,Russian brome grass,Bromus tomentellus Boiss.
908,Rescue grass,Bromus unioloides Kunth
1281,Burma mangrove,Bruguiera gymnorrhiza (L.)
1093,Cuddapah Almond,Buchanania latifolia Roxb.
78,Buffalo grass,Buchloe dactyloides (Nutt.)
1443,Spotted silky oak,Buckinghamia celsissima F.M
562,Gumbo limbo,Bursera simaruba Sarg.
1524,Flame-of-the-forest,Butea monosperma (Lamk) Ta.
836,Shea butter tree,Butyrospermum paradoxum (G)
1158,Divi-divi,Caesalpinia coriaria (Jacq)
1174,Sappanwood,Caesalpinia sappan L.
1653,Pigeon Pea,Cajanus cajan (L.) Mill ssp
179,Calamagrostris epigei.,Calamagrostris epigeios L.
1047,Rotan sega,Calamus caesius Blume
1279,Letek,Calamus erinaceus (Becc.) D
1266,Rattan,Calamus peregrinus
1308,Cornroot,Calathea allouia (Aubl.) L.
165,Calendula,Calendula officinalis L.
837,Calliandra,Calliandra calothyrsus Mei.
300,Cypress pine,Callitris columellaris F.M.
706,Black cypress pine,Callitris endlicheri (Par.)
1178,White cypress pine,Callitris glauca R.Br ex R.
585,Brush cypress pine,Callitris macleayana (F.Mu)
587,Murray pine,Callitris preissii Miq. mur
586,Rottnes Island pine,Callitris preissii Miq. pre
588,Mallee pine,Callitris preissii Miq. ver
1117,Poon,Calophyllum apetalum Willd.
1118,Poonspar tree,Calophyllum elatum Bedd.
1119,Alexandrian laurel,Calophyllum inophyllum L.
1420,Baula,Calophyllum peekelii Laute.
1320,Caeruleum calopo,Calopogonium caeruleum B.S.
292,Calopo,Calopogonium mucunoides Ds.
166,Cowslip,Caltha palustris L.
1548,Tea,Camellia sinensis (L) O.K.
1419,Assam tea,Camellia sinensis v assam.
209,China tea,Camellia sinensis v sinens.
531,Rampion,Campanula rapunculus L.
1179,Ketekete,Campnosperma brevipetiolata
1036,Ylang-ylang,Cananga odorata (Lam.) Ho.
1309,Java-almond,Canarium indicum L.
1485,Pili nut,Canarium ovatum Engl.
789,Jack bean,Canavalia ensiformis (L) DC
792,Sword bean,Canavalia gladiata (Jacq)DC
478,Edible canna,Canna edulis Ker-Gawler
1555,Hemp,Cannabis sativa L.
469,Kurrel,Capparis decidua (Forsk.)
150,Caper,Capparis spinosa
1647,Sweet pepper,Capsicum annuum L.
438,Pimentchien,Capsicum baccatum L.v pend.
439,Aji,Capsicum chinense Jacq
1692,Hot pepper,Capsicum frutescens L.
440,Goat chili,Capsicum pubescens Ru.& Pa.
202,Caragana intermedia,Caragana intermedia
203,Caragana korshinskii,Caragana korshinskii
201,Caragana microphylla,Caragana microphylla Lam.
1215,Shengali,Carallia lucida Roxb.
1387,Northern silky oak,Cardwellia sublimis F.Muell
260,Papaya,Carica papaya L.
405,Mountain papaya,Carica pubescens Lenne & K.
838,Abarco,Cariniaria pyriformis Miers
1310,Karanda,Carissa carandas L.
1311,Egyptian carissa,Carissa edulis Vahl.
410,Natal-palm,Carissa macrocarpa (Eckl.)
1479,Panama hat palm,Carludovica palmata Ruiz
254,Safflower,Carthamus tinctoius L.
532,Caraway,Carum carvi L.
1558,Pecan nut,Carya illinoensis Wangenh.
376,Souari nut,Caryocar nuciferum L.
1544,Cacay,Caryodendron orinocense
1229,Fish-tail palm,Caryota urens L.
940,Mexican apple,Casimiroa edulis La Llave
1159,Ringworm bush,Cassia alata L.
1160,Avaram,Cassia auriculata L.
1444,Brewster cassia,Cassia brewsteri (F.Muell.)
1207,Indian laburnum,Cassia fistula L.
1161,Coffee senna,Cassia occidentalis L.
981,Roundleaf cassia,Cassia rotundifolia Persoon
980,Alexandrian senna,Cassia senna L.
839,Yellow cassia,Cassia siamea Lam.
14,"Chestnut, Japanese",Castanea crenata Si. & Zu.
13,"Chestnut, American",Castanea dentata Borkh.
12,"Chestnut, Chinese",Castanea mollisima L.
11,Chinquapin,Castanea pumila
10,"Chestnut, European",Castanea sativa Mill.
657,Black bean,Castanospermum australe Cu.
1252,Panama rubber,Castilla elastica Cerv.
718,Casuarina campestris,Casuarina campestris (Diel)
572,Casuarina campestris,Casuarina campestris Miq.
1633,Black oak,Casuarina cristata Miq. cr.
1634,Black oak,Casuarina cristata Miq. pa.
435,River sheoak,Casuarina cunninghamiana M.
301,Desert sheoak,Casuarina decaisneana F.Meu
1094,Diels' sheoak,Casuarina dielsiana C.A.Gar
840,Coast sheoak,Casuarina equisetifolia L.
565,West Australian sheoak,Casuarina fraseriana Miq.
302,Swamp sheoak,Casuarina glauca Sieber ex
573,Rock sheoak,Casuarina huegeliana Miq.
549,Jemara,Casuarina junghuhniana Miq.
574,Black sheoak,Casuarina littoralis Salisb
575,Bull oak,Casuarina luehmannii R.T.B
577,W.Austral.swamp sheoak,Casuarina obesa Miq.
1366,Soft yar,Casuarina oligodon L.Johns.
434,Drooping sheoak,Casuarina stricta Aiton
576,Forest sheoak,Casuarina torulosa Aiton
1030,Qat,Catha edulis (Vahl) Endl.
551,Periwinkle,Catharanthus roseus (L.) G.
841,West Indian cedar,Cedrela odorata L.
1414,Red cedar,Cedrela toona Roxb.
1236,Himalayan cedar,Cedrus deodara Loudon
450,Kapok,Ceiba pentandra (L.) Gaertn
1632,Cock's comb,Celosia argentea L.
1301,Nettle tree,Celtris australis L.
917,Haskaneit,Cenchrus biflorus Roxb.
285,Buffel grass,Cenchrus ciliaris L.
401,White buffel grass,Cenchrus pennisetiformis H.
918,Birdwood grass,Cenchrus setigerus Vahl
1321,Centrosema,Centrosema acutifolium Ben.
1322,Centrosema,Centrosema macrocarpum Ben.
982,Centurion,Centrosema pascuorum Benth.
809,Centro,Centrosema pubescens Benth.
983,Virginian centro,Centrosema virginianum L.B.
1075,Ipecac,Cephaelis ipecacuanha (St.)
779,Carob,Ceratonia siliqua L.
592,Coachwood,Ceratopetalum apetalum D.D.
1282,Goran,Ceriops decandra (Griff.)
1467,Tagal mangrove,Ceriops tagal (Perr.)C.B.R.
1483,Pacaya,Chamaedorea spp
720,Dwarf fan palm,Chamaerops humilis L.
121,Fat hen,Chenopodium album L.
1039,Wormseed,Chenopodium ambrosioides L.
454,Canihua,Chenopodium pallidicaule H.
1621,Quinoa,Chenopodium quinoa Willden.
1679,Rhodes grass,Chloris gayana Kunth
765,Horsetail grass,Chloris roxburghiana Schult
286,Feather finger grass,Chloris virgata Sw.
842,African oak,Chlorophora excelsa (Welw.)
1190,East Indian satinwood,Chloroxylon swietenia DC.
235,Pyrethrum,Chrysanthemum cinerariaefo.
533,Persian insect flower,Chrysanthemum coccineum W.
726,Garland chrysanthemum,Chrysanthemum coronarium L.
480,Starapple,Chrysophyllum cainito L.
1323,Love grass,Chrysopogon aciculatus (R.)
909,Aucher's grass,Chrysopogon plumulosus Hoch
1191,Chickrassy,Chukrasia velutina Wt.& Arn
1650,Chick pea,Cicer arietinum L.
1570,Endive,Cichorium endivia L.
1569,Chicory,Cichorium intybus L.
470,Quinine (calisaya),Cinchona calisaya Wedd.
471,Yellow quinine,Cinchona ledgeriana Moens
456,Quinine,Cinchona officinalis L.
472,Red quinine,Cinchona pubescens Vahl
1017,Indonesian cassia,Cinnamomum burmannii (C.G)
1246,Formosa camphor tree,Cinnamomum camphora (L.) P.
1304,Chinese cassia,Cinnamomum cassia Presl.
1018,Saigon cassia,Cinnamomum loureirii Nees
1016,Cinnamon,Cinnamomum verum Presl.
755,Calamondin,Citrofortunella (x) microc.
1288,Colocynth,Citrullus colocynthis (L.)
255,Watermelon,Citrullus lanatus (T) Mansf
1669,Lime,Citrus aurantifolia (Chri.)
1606,Sour orange,Citrus aurantium L.
1023,Bergamot,Citrus aurantium v bergamia
1600,Mediterranea mandarin,Citrus deliciosa Ten.
1593,Tahiti lime,Citrus latifolia Tan.
1668,Lemon,Citrus limon (L.) Burm. f.
1367,Philippine lime,Citrus madurensis Lour.
1671,Pummelo,Citrus maxima (Burm.) Merr.
457,Citron,Citrus medica L.
1670,Grapefruit,Citrus paradisi Macfad.Hook
1672,Mandarin,Citrus reticulata Blanco x
245,Sweet orange,Citrus sinensis (L.) Osbeck
1645,Citrus,Citrus spp
1605,Satsuma mandarin,Citrus unshiu Marcovitch
1486,Wampee,Clausena lansium (Lour.) S.
550,Ergot,Claviceps purpurea (Fr.)Tul
178,Cleistogenes chinensi.,Cleistogenes chinensis (M.)
180,Cleistogenes squarrosa,Cleistogenes squarrosa (T.)
843,Ovok,Cleistopholis glauca Pierre
1489,Bastard mustard,Cleome gynandra L.
181,Clinelymus dahuricus,Clinelymus dahuricus (Tur.)
1162,Laurelleaved clitoria,Clitoria laurifolia Poir.
294,Butterfly pea,Clitoria ternatea L.
558,Blessed thistle,Cnicus benedictus L.
1481,Chaya,Cnidoscolus chayamansa McV.
1351,Seagrape,Coccoloba uvifera (L.) L.
1113,Butter-cup tree,Cochlospermum religiosum L.
242,Coconut,Cocos nucifera L.
1640,Coffee arabica,Coffea arabica L.
1641,Coffee robusta,Coffea canephora Pierre
1710,Coffee excelsa,Coffea excelsa L.
1053,Coffee liberica,Coffea liberica Bull ex He.
799,Job`s tears,Coix lacryma-jobi L.
1067,Abata kola,Cola acuminata (Beauv.) Sc.
885,"Cola-nut, commercial",Cola nitida (Vert.) Schott
167,Colchicum,Colchicum autumnale L.
899,Indian borage,Coleus amboinicus Lour.
900,Sudan potato,Coleus parviflorus Benth.
1551,Cocoyam,Colocasia esculenta (L.) S.
1057,Eddoe,Colocasia esculenta v. ant.
844,Butterfly tree,Colophospermum mopane (Ki.)
1355,Kinkeliba,Combretum micranthum G. Don
1468,Button mangrove,Conocarpus erctus L.
845,Damas,Conocarpus lancifolius Engl
776,White Jute,Corchorus capsularis L.
780,Long-fruited Jute,Corchorus olitorius L.
1545,Yicib,Cordeauxia edulis
1283,Sudan teak,Cordia africana Lam.
846,Laurel,Cordia alliodora (Ruiz&Pa.)
390,Coriander,Coriandrum sativum L.
272,Crownvetch,Coronilla varia L.
370,European hazelnut,Corylus avellana L.
534,Turkish hazel,Corylus colurna L.
498,Giant hazelnut,Corylus maxima
1510,Resak durian,Cotylelobium burckii (Heim)
1511,Resak bukit,Cotylelobium lanceolatum C.
1512,Resak hitam,Cotylelobium melanoxylon H.
395,Crambe,Crambe abyssinica (Hochst)
396,Seakale,Crambe maritima L.
535,Saffron,Crocus sativus L.
1040,Slenderleaf crotalaria,Crotalaria brevides Benth.
1655,Sunn hemp,Crotalaria juncea L.
1042,Lanceleaf crotalaria,Crotalaria lanceolata E.Mey
1043,Smooth crotalaria,Crotalaria pallida Ait.
1041,Showy crotalaria,Crotalaria spectabilis Roth
602,Rose maple,Cryptocarya erythroxylon M.
303,Sugi,Cryptomeria japonica (L.f.)
387,West Indian gherkin,Cucumis anguria L.
263,Musk melon,Cucumis melo L.
256,Cucumber,Cucumis sativus L.
891,Fig-leaved gourd,Cucurbita ficifolia Bouche
1626,Buffalo gourd,Cucurbita foetidissima HBK
257,Squash gourd,Cucurbita maxima Duch ex L.
388,Winter squash,Cucurbita mixta Pang.
1676,Pumpkin,Cucurbita moschata (Duch.)
278,Vegetable marrow,Cucurbita pepo L.
139,Wild durian,Cullenia rosayroana Koster.
1026,Cumin,Cuminum cyminum L.
304,Chinese fir,Cunninghamia lanceolata (L)
305,Arizona cypress,Cupressus arizonica Greene
847,Mexican cypress,Cupressus lusitanica Mill.
306,Monterey cypress,Cupressus macrocarpa Hartw.
848,Bhutan cypress,Cupressus torulosa Don
1020,Tumeric,Curcuma domestica Val.
1037,Zedoary,Curcuma zedoaria (Christm.)
1654,Cluster bean,Cyamopsis tetragonoloba (L)
1180,Primavera,Cybistax donnellsmithii (R)
887,Quince,Cydonia oblonga Mill.
1066,West Indian lemongrass,Cymbopogon citratus (DC.) S
402,Malabar lemongrass,Cymbopogon flexuosus (Nees)
1068,Rosha grass v. motia,Cymbopogon martini (R.) mo.
1069,Rosha grass v. sofia,Cymbopogon martini (R.) so.
930,False citronella,Cymbopogon nardus (L) v len
927,Citronella grass,Cymbopogon nardus (L) v mah
1572,Globe artichoke,Cynara scolymus L.
231,Bermuda grass,Cynodon dactylon (L.) Pers.
536,African star grass,Cynodon nlemfuensis Vander.
287,Stargrass,Cynodon plectostachyus (K.)
1535,Namnam,Cynometra cauliflora L.
459,Chufa,Cyperus esculentus L.
1065,"Nutgrass, Purple",Cyperus rotundus L.
1689,Tree tomato,Cyphomandra betacea (Cav.)
1090,Tagasaste,Cytisus proliferus L. f.
175,Huon pine,Dacrydium franklinii Hook.f
6,Orchard grass,Dactylis glomerata L.
104,Orchard grass Mediter.,Dactylis glomerata hispani.
800,Crowfoot grass,Dactyloctenium aegyptium L.
1256,Giant button grass,Dactyloctenium giganteum L.
1296,Blackwood,Dalbergia latifolia Roxb.
849,Sissoo,Dalbergia sissoo Roxb.
2,Carrot,Daucus carota L.
1345,Flamboyant,Delonix regia (Boj.ex Hook)
1373,Kaghsi bans,Dendrocalamus Hamiltonii N.
1504,Giant bamboo,Dendrocalamus asper (Schu.)
1313,Waabo,Dendrocalamus giganteus Mu.
1314,Khang,Dendrocalamus longispathus
1374,Bayog,Dendrocalamus merrillianus
1312,Male bamboo,Dendrocalamus strictus Nees
1445,Horse bush,Dendrolobium umbellatum L.
1049,Tuba root,Derris elliptica (Roxb) Be.
1297,Indian beech,Derris indica (Lam.) Bennet
1175,Tuba merah,Derris malaccensis (Benth.)
1324,False tamarind,Desmanthus virgatus (L.) W.
579,Karikut-ritkut,Desmodium gyroides (Roxb.)
426,Carpon desmodium,Desmodium heterocarpon L.DC
984,Hetero,Desmodium heterophyllum W.D
817,Kaimi clover,Desmodium incanum (Sw) DC
810,Greenleaf desmodium,Desmodium intortum (Mill) U
427,Desmodium ovalifolium,Desmodium ovalifolium
428,Spanish clover,Desmodium sandwicense E.Me.
811,Silverleaf desmodium,Desmodium uncinatum (J.) DC
182,Deyeuxia angustifolia,Deyeuxia angustifolia Vick.
915,"Bluestem, Diaz",Dichanthium annulatum (F.)
916,"Bluestem, Angleton",Dichanthium aristatum (Po.)
928,Nadi blue grass,Dichanthium caricosum (L.)
764,"Blue grass, Queensland",Dichanthium sericeum R.Br.
557,"Foxglove, Grecian",Digitalis lanata Ehrh.
168,"Foxglove, Common",Digitalis purpurea L.
931,Seragoon grass,Digitaria didactyla Willd.
32,Pangola grass,Digitaria eriantha Steudel
1155,Hungry rice,Digitaria exilis (Kippist)
932,Milanje grass,Digitaria milanjiana (R.)S.
415,Woolly finger grass,Digitaria pentzii Stent
1102,Dillenia,Dillenia aurea Sm.
1107,Elephant apple,Dillenia indica L.
1108,Dillenia,Dillenia pentagyna Roxb.
375,Longan,Dimocarpus longan Lour long
1536,Mata kucing,Dimocarpus longan Lour male
855,Greater yam,Dioscorea alata L.
894,Potato yam,Dioscorea bulbifera L.
1616,Yellow yam,Dioscorea cayenensis Lam.
1315,Composita yam,Dioscorea composita Hemsl.
895,Bitter yam,Dioscorea dumetorum (K.) P.
854,Lesser yam,Dioscorea esculenta (L.) B.
1336,Wild yam,Dioscorea floribunda M.&G.
896,Chinese yam,Dioscorea opposita Thunb.
897,White yam,Dioscorea rotundata Poir.
898,Chush-chush yam,Dioscorea trifida L.
393,Black sapote,Diospyros digyna Jaxq.
394,Kaki,Diospyros kaki L.f.
1525,Malabar ebony,Diospyros malabarica (Desr)
1242,Tendu,Diospyros melanoxylon Roxb.
61,Persimmon,Diospyros virginiana L.
944,Brown beetle grass,Diplachne fusca (L.) Beauv.
660,Tamarind,Diploglottis cunninghamii H
1126,Hairy-leafed apitong,Dipterocarpus alatus Roxb.
1415,Dulia garjan,Dipterocarpus costatus Gaer
1416,Dhali garjan,Dipterocarpus gracilis Bl.
1127,Gurjan,Dipterocarpus indicus Bedd.
1128,Hollong,Dipterocarpus macrocarpus V
1129,Gurjan,Dipterocarpus turbinatus G.
1050,Tonka bean,Dipteryx odorata (Aubl) Wi.
707,Giant hopbush,Dodonaea viscosa Jacq.
708,Giant hopbush,Dodonaea viscosa ssp angus.
606,Sassafras,Doryphora sassafras Endl.
412,Kei-apple,Dovyalis caffra (Hook.f.&H)
413,Katembilla,Dovyalis hebecarpa Warb.
1472,Corkwood,Duboisia myoporoides R. Ba.
373,Durian,Durio zibethinus Murray
595,Rosewood,Dysoxylum fraseranum (A.J.)
537,Jungle rice,Echinochloa colona (L) Link
945,Barnyard millet,Echinochloa crus-galli (L)
946,Japanese millet,Echinochloa frumentacea (R)
288,Antelope grass,Echinochloa pyramidalis (L)
947,Channel millet,Echinochloa turneriana (D.)
948,Shirohie millet,Echinochloa utilis Ohwi-Ya.
416,Veldtgrass,Ehrharta calycina Sm.
731,Water hyacinth,Eichhornia crassipes (Mar.)
307,Russian olive,Elaeagnus angustifolia L.
249,African oil palm,Elaeis guineensis Jacq.
502,American oil palm,Elaeis oleifera
601,Silver quandong,Elaeocarpus grandis F.Muell
893,Chinese water chestnut,Eleocharis dulcis Trin.
1021,Cardamom,Elettaria cardamomum L. Ma.
1156,Eleusine africana,Eleusine africana Kennedy-O
1694,Finger millet,Eleusine coracana (L)Gaertn
949,Goose grass,Eleusine indica (L.) G. in.
80,Canada wildrye,Elymus canadensis L.
81,Basin wildrye,Elymus cinereus Scrib.&Merr
82,Giant wildrye,Elymus condensatus Presl.
83,Blue wildrye,Elymus glaucus Buckl.
1491,Emilia,Emilia sonchifolia (L.) DC.
1384,Queensland walnut,Endiandra palmerstonii (B.)
783,Enset,Ensete ventricosum (Welw.)
1299,Bungoma grass,Entolasia imbricata Stapf
417,Boer love grass,Eragrostis chloromelas Ste.
524,Grey love grass,Eragrostis cilianensis (A.)
289,Weeping love grass,Eragrostis curvula (Sch.) N
418,Lehmann love grass,Eragrostis lehmanniana Nees
672,Eragrostis pilosa,Eragrostis pilosa L. Beauv.
950,Masai love grass,Eragrostis superba Peyr.
419,Teff,Eragrostis tef (Zucc.) Trot
1300,Bano,Eragrostis tremula (Lam.) S
84,Sand love grass,Eragrostis trichodes
952,Centipede grass,Eremochloa ophiuroides (M.)
406,Loquat,Eriobotrya japonica Lindley
951,Janeiro,Eriochloa punctata (L) Desv
240,Garden rocket,Eruca sativa Miller
580,China coral tree,Erythrina variegata L.
658,Grey corkwood,Erythrina vespertilio Benth
1385,Cooktown ironwood,Erythrophleum chlorostahys
1076,Coca,Erythroxylum coca Lam.
647,Powderbark wandoo,Eucalyptus accedens W.Fitzg
626,Blue-leav. stringybark,Eucalyptus agglomerata Mai.
667,White box,Eucalyptus albens Benth.
645,Brown mallet,Eucalyptus astringens Maid.
668,Coast grey box,Eucalyptus bosistoana F.Mu.
308,Southern mahogany,Eucalyptus botryoides Smith
563,Cape York red gum,Eucalyptus brassiana S.T.B.
1446,Nothern white gum,Eucalyptus brevifolia F.Mu.
309,Dundas mahogany,Eucalyptus brockwayi C.Gar.
615,Marri,Eucalyptus calophylla R.Br.
310,River red gum (NP),Eucalyptus camaldulensis NP
311,River red gum (SP),Eucalyptus camaldulensis SP
312,Lemon sented iron gum,Eucalyptus citriodora Hook.
313,Sugar gum,Eucalyptus cladocalyx F. M.
314,Gympie messmate,Eucalyptus cloeziana F.Mue.
632,Yertchuk,Eucalyptus consideniana Ma.
644,Yate,Eucalyptus cornuta Labill.
315,Narrow-leaved ironbark,Eucalyptus crebra F. Muell.
491,Mountain gum,Eucalyptus dalrympleana Ma.
316,Mindanao gum,Eucalyptus deglupta Blume
317,Alpine ash,Eucalyptus delegatensis R.
635,Karri,Eucalyptus diversicolor F.M
651,White mallee,Eucalyptus dumosa Cunn.
639,River peppermint,Eucalyptus elata Dehnh.
627,Thin-leav. stringybark,Eucalyptus eugenioides Sie.
653,Queensland peppermint,Eucalyptus exserta F. Muell
492,Brown barrel,Eucalyptus fastigata D.& M.
634,White ash,Eucalyptus fraxinoides Dea.
546,Southern blue gum,Eucalyptus globulus bicost.
318,Tasmanian blue-gum,Eucalyptus globulus globul.
544,Maiden's gum,Eucalyptus globulus maiden.
545,Gippsland blue gum,Eucalyptus globulus pseudo.
319,Tuart,Eucalyptus gomphocephala DC
709,Desert gum,Eucalyptus gongylocarpa Bl.
320,Flooded gum,Eucalyptus grandis W. Hill
640,Yellow tingle,Eucalyptus guilfoylei Maid.
616,Red bloodwood,Eucalyptus gummifera (Sol.)
614,Pink bloodwood,Eucalyptus intermedia R.Ba.
321,Gum-barked Coolibah,Eucalyptus intertexta R.Ba.
622,Red tingle,Eucalyptus jacksonii Maiden
1447,Wandi ironbark,Eucalyptus jensenii Maiden
1396,Tasmanian yellow gum,Eucalyptus johnstonii Maid.
322,Black box,Eucalyptus largiflorens F.M
670,Yellow gum,Eucalyptus leucoxylon F. Mu
643,Woollybutt,Eucalyptus longifolia Link
649,York gum,Eucalyptus loxophleba Benth
493,Spotted gum,Eucalyptus maculata Hook.
621,Jarrah,Eucalyptus marginata Donn
324,Yellow box,Eucalyptus melliodora Cunn.
666,Inland grey box,Eucalyptus microcarpa (Ma.)
325,Tallow wood,Eucalyptus microcorys F.Mu.
326,Coolibah,Eucalyptus microtheca F.Mu.
665,Grey box,Eucalyptus moluccana Roxb.
625,Yellow stringybark,Eucalyptus muellerana A.Ho.
617,Melville Is. bloodwood,Eucalyptus nesophila Blakel
628,Queensland stringybark,Eucalyptus nigra R. Baker
494,Shining gum,Eucalyptus nitens (De & Ma)
327,Messmate tree,Eucalyptus obliqua L'Herit.
328,Flat-topped yate,Eucalyptus occidentalis En.
710,Yapunyah,Eucalyptus ochrophloia F.M.
1448,Sturt Creek mallee,Eucalyptus odontocarpa F.M.
631,Blue mountains ash,Eucalyptus oreades R. Baker
711,Sharp-crapped mallee,Eucalyptus oxymitra Blakely
329,Grey ironbark,Eucalyptus paniculata Smith
612,Ghost gum,Eucalyptus papuana F. Muell
620,W. Austral. blackbutt,Eucalyptus patens Benth.
633,Snow gum,Eucalyptus pauciflora Sieb.
330,Large-fr. red mahogany,Eucalyptus pellita F. Muell
619,Scarlet gum,Eucalyptus phoenicea F.Muel
629,Blackbutt,Eucalyptus pilularis Smith
630,Needlebark stringybark,Eucalyptus planchoniana F.
669,Red box,Eucalyptus polyanthemos Sc.
613,Long-fruited bloodwood,Eucalyptus polycarpa F.Muel
663,Poplar box,Eucalyptus populnea F.Muell
331,Small-fruited grey gum,Eucalyptus propinqua D.& M.
636,White peppermint,Eucalyptus pulchella Desf.
642,Grey gum,Eucalyptus punctata DC.
662,White-topped box,Eucalyptus quadrangulata D.
637,Narrow-l. peppermint,Eucalyptus radiata ssp. rad
638,Narrow-l. peppermint,Eucalyptus radiata ssp. rob
495,Mountain ash,Eucalyptus regnans F.Muell.
332,Red mahogany,Eucalyptus resinifera Smith
333,Swamp mahogany,Eucalyptus robusta Smith
652,Swamp gum,Eucalyptus rudis Endl.
334,Sydney blue gum,Eucalyptus saligna Smith
335,Salmon gum,Eucalyptus salmonophloia F.
648,Gimlet,Eucalyptus salubris F.Muell
337,Salt river mallett,Eucalyptus sargentii Maiden
338,Red ironbark (siderox.),Eucalyptus sideroxylon Cun.
641,Red ironbark (tricarp.),Eucalyptus sideroxylon Cun.
323,Silvertop Ash,Eucalyptus sieberi L.Johns.
712,Red mallee,Eucalyptus socialis F. Mue.
339,St. John's gum,Eucalyptus st.-johnii
1395,Tasman.alp.yellow gum,Eucalyptus subcrenulata Ma.
340,Forest red gum,Eucalyptus tereticornis Sm.
611,Carbeen,Eucalyptus tessellaris F.M.
618,Darwin stringybark,Eucalyptus tetrodonta F.Mu.
664,Mountain yapunyah,Eucalyptus thozetiana F.Mu.
341,Cadaga,Eucalyptus torelliana F. M.
650,Redwood,Eucalyptus transcontiental.
719,Vitoria Spring mallee,Eucalyptus trivalvis Blake.
624,Bro.-l. white mahogany,Eucalyptus umbra ssp carnea
623,Bro.-l. white mahogany,Eucalyptus umbra ssp umbra
496,Ampupu,Eucalyptus urophylla S.T.B.
462,Manna gum,Eucalyptus viminalis Labill
646,Wandoo,Eucalyptus wandoo Blakely
1383,Leatherwood,Eucryphia lucida (Labill.)
1012,Clove,Eugenia aromatica Kuntze
481,Java plum,Eugenia cumini (L.) Druce
756,Grumichama,Eugenia dombeyi (S.) Skeels
547,Grey satinash,Eugenia gustavioides Bailey
1603,Rose-apple,Eugenia jambos L.
762,Java apple,Eugenia javanica Lamk.
407,Pomerac,Eugenia malaccensis L.
1460,Forest satinash,Eugenia suborbiculare (Be.)
1592,Brazil cherry,Eugenia uniflora L.
1591,Uvalha,Eugenia uvalha Camb.
851,Rubberhedge euphorbia,Euphorbia tirucalli L.
1513,Ulin ironwood,Eusideroxylon zwageri Teij.
1228,Palmiche,Euterpe chaunostachys Burr.
1253,Euterpe edulis,Euterpe edulis Mart.
1238,Acai,Euterpe oleracea Martius
1275,Blinding tree,Exoecaria agallocha L.
1257,Exotheca,Exotheca abyssinica (A.R.)
455,Fagopyrum emarginatum,Fagopyrum emarginatum
385,Common buckwheat,Fagopyrum esculentum Moench
386,Tartary buckwheat,Fagopyrum tataricum
1505,Tembusu,Fagraea fragrans Roxb.
151,American beech,Fagus grandifolia
4,European beech,Fagus sylvatica L.
1599,Feijoa,Feijoa sellowiana O. Berg
997,Tall fescue,Festuca arundinacea Schreb.
86,Idaho fescue,Festuca idahoensis Elmer
85,Hard fescue,Festuca longifolia Thuill.
398,Sheep fescue,Festuca ovina L.
21,Meadow fescue,Festuca pratensis Huds.
87,Chewing's red fescue,Festuca rubra L v commutata
19,Red Fescue,Festuca rubra L. v. rubra
1527,Areuy gember,Fibraurea tinctoria Lour.
342,Banyan,Ficus benghalensis L.
392,Common fig,Ficus carica L.
1248,India rubber fig,Ficus elastica Roxb.
607,Moreton Bay fig,Ficus macrophylla Desf.
1325,Bunut lengis,Ficus subcordata Blume
1249,Vogel fig,Ficus vogelii (Miq.) Miq.
411,Governors plum,Flacourtia indica (Burm.f.)
1375,Malabalatong,Flemingia macrophylla Blum.
1390,Queensland silver ash,Flindersia bourjotiana F.M.
1391,Queensland maple,Flindersia brayleyana F.Mu.
1392,Maple silkwood,Flindersia pimenteliana F.M
57,Fennel,Foeniculum vulgare Mill.
757,Hong Kong wild kumquat,Fortunella hindsii (C.) Sw.
758,Round kumquat,Fortunella japonica (T.) S.
759,Oval kumquat,Fortunella margarita (L) S.
1088,Chilean strawberry,Fragaria chiloensis L. Duch
133,European strawberry,Fragaria vesca L.
1089,Virginia strawberry,Fragaria virginiana Duch.
1557,Garden strawberry,Fragaria x ananassa (D.) G.
116,Buckthorn,Frangula alnus Mill.
1056,Mauritius hemp,Furcraea gigantea v. wille.
1537,Mundu,Garcinia dulcis (Roxb) Kurz
1596,Mangosteen,Garcinia mangostana L.
1539,Bira tai,Garcinia multiflora Champ.
1538,Asam kandis,Garcinia xanthochymus Hook.
1151,Gendeli poma,Garuga pinnata Roxb.
599,Red carabeen,Geissois benthamiana F.Muel
1506,Intip-intip,Gelidiella acerosa (Forss.)
414,Genipa,Genipa americana L.
119,Dyer's-greenwood,Genista tinctoria L.
343,Honey-locust,Gleditsia triacanthos L.
852,Mother of cocoa,Gliricidia sepium (Jacq.) K
1204,Tinne-red,Gluta travancorica Bedd.
768,Soyabean,Glycine max (L.) Merrill
813,Perennial soybean,Glycine wightii Arn.
141,"Licorice, Common",Glycyrrhiza glabra L.
147,"Licorice, American",Glycyrrhiza lepidota Pursh
856,Yemane,Gmelina arborea Roxb.
1344,White beech,Gmelina leichhardtii (F.M.)
1699,Tree cotton,Gossypium arboreum L.
1698,American pima cotton,Gossypium barbadense L.
1700,Levant cotton,Gossypium herbaceum L.
250,"Cotton, American upland",Gossypium hirsutum L.
1286,Gracilaria,Gracilaria tenuistipitata
1285,Gracilaria,Gracilaria verrucosa
1388,Silver oak,Grevillea parallella J.Kni.
344,Silky oak,Grevillea robusta A.Cunn.
1144,Phalsa,Grewia asiatica L.
1145,Dhaman,Grewia tiliifolia Vahl.
1359,Guacima,Guazuma ulmifolia Lam.
906,Niger-seed (Indian),Guizotia abyssinica Cass.
1341,Niger seed (Ethiopian),Guizotia abyssinica Cass.
812,Cusso,Hagenia abyssinica (Bruce)
345,Black saxaul,Haloxylon aphyllum (Minkw.)
1206,Hardwickia,Hardwickia binata Roxb.
746,Sulla rose,Hedysarum carnosum Desf.
265,Spanish sainfoin,Hedysarum coronarium L.
747,Sulla annuel,Hedysarum flexuosum L.
745,Sulla pale,Hedysarum pallidum Desf.
748,Sulla epineux,Hedysarum spinosissimum L.
775,Sunflower,Helianthus annuus L v macro
890,Jerusalem artichoke,Helianthus tuberosus L.
236,Limpo grass,Hemarthria altissima (Poi.)
184,Hemarthria japonica,Hemarthria japonica Stapf
1139,Sundri,Heritiera Fomes Buch.
1515,Looking-glass tree,Heritiera littoralis Aiton
420,Black spear grass,Heteropogon contortus (L.)
769,Rubber,Hevea brasiliensis (Willd.)
772,Kenaf,Hibiscus cannabinus L.
701,Roselle (altissima),Hibiscus sabdariffa L.v al.
773,Roselle (sabdariffe),Hibiscus sabdariffa L.v sa.
1352,Mahoe,Hibiscus tiliaceus L.
183,Hierochloe odorata,Hierochloe odorata L.Beauv.
857,Mascarey,Hieronyma chocoensis Cuatr.
953,Galleta grass,Hilaria jamesii (Torr.) Be.
954,Tobosa grass,Hilaria mutica (Buckl.) Be.
753,Sea buckthorn,Hippophae rhamnoides L.
754,Sea buckthorn,Hippophae salicifolia D. D.
1130,Thingan,Hopea odorata Roxb.
1131,White kongu,Hopea parviflora Bedd.
1132,Black kongu,Hopea utilis (Bedd.) Bole
1133,Thingam,Hopea wightiana Wall.
185,Hordeum brevisubulatum,Hordeum brevisubulatum (T.)
433,Bulbous barley,Hordeum bulbosum L.
223,Barley,Hordeum vulgare L.
1587,Hops,Humulus lupulus L.
1114,Torathi,Hydnocarpus alpina Wight
1115,Chaulmugra,Hydnocarpus kurzii (King) W
1116,Chaulmoogra,Hydnocarpus laurifolia (D.)
1335,Wick grass,Hymenachne acutigluma (S.)
504,Bhorsal,Hymenodictyon excelsum Wall
955,Tambookie grass,Hyparrhenia hirta (L) Stapf
1680,Jaragua grass,Hyparrhenia rufa (Ness) St.
1262,Doum palm,Hyphaene thebaica L.
1200,Himalayan holly,Ilex dipyrena Wall.
1077,Mate,Ilex paraguaiensis A. St-H.
938,Blady grass,Imperata cylindrica (L.) R.
987,Natal indigo,Indigofera arrecta Hochst.
985,Hairy indigo,Indigofera hirsuta L.
986,Trailing indigo,Indigofera spicata Forsk.
988,Common indigo,Indigofera tinctoria L.
490,Ice-cream bean,Inga edulis von Martius
501,Pacay,Inga feuillei de Candolle
1376,Borneo teak,Intsia bijuga (Colebr.)O.K.
879,Kang kong,Ipomoea aquatica For. aqua.
1148,Kang kong,Ipomoea aquatica For. rept.
1644,Sweet potato,Ipomoea batatas (L.) Lam.
956,Batiki blue grass,Ischaemum ciliare Retzius
1695,Rumput melayu,Ischaemum magnum Rendle
1326,Drought grass,Ischaemum muticum L.
1327,Wrinkle duck-beak,Ischaemum rugosum Salisb.
1328,Centipede grass,Ischaemum timorense Kunth
957,Machuri,Iseilema laxum Hack.
958,Flinders grass,Iseilema membranaceum (Li.)
1258,Mexican grass,Ixophorus unisetus (Presl)
1346,Futui,Jacaranda copaia (Aubl.) D.
858,Jacaranda,Jacaranda mimosifolia D.Don
1227,Pataua,Jessenia bataua (Mart.) Bu.
60,California b. walnut,Juglans hindsii Jeps.
59,Black walnut,Juglans nigra L.
3,English walnut,Juglans regia L.
169,Heartnut,Juglans sieboldiana
1031,African pencil cedar,Juniperus procera Hochst.
790,Hausa groundnut,Kerstingiella geocarpa Har.
859,African mahogani,Khaya senegalensis (Desr.)
199,Koeleria cristata,Koeleria cristata Griseb.
1559,Hyacinth bean,Lablab purpureus Medik.
1482,Indian lettuce,Lactuca indica L.
1652,Lettuce,Lactuca sativa L.
1674,Bottle gourd,Lagenaria siceraria (M) St.
1232,Jarul,Lagerstroemia flos-reginae
1234,Benteak,Lagerstroemia lanceolata W.
1231,Dhaura,Lagerstroemia parviflora R.
1233,Leza,Lagerstroemia tomentosa Pr.
1469,White mangrove,Laguncularia racemosa (L.)
1205,Wodier,Lannea coromandelica (Hou.)
379,Langsat,Lansium domesticum Corr.
90,Sewan grass,Lasiurus hirsutus Boiss.
734,Flat-topped vetchling,Lathyrus cicera L.
140,Rough pea,Lathyrus hirsutus L.
735,Ochrus vetch,Lathyrus ochrus (L.) D.C.
230,Grass pea,Lathyrus sativus L.
442,Sweet bay,Laurus nobilis L.
553,True lavender,Lavandula angustifolia Mill
556,French lavender,Lavandula dentata
554,Hybrid lavender,Lavandula intermedia Emeri.
555,Spike lavender,Lavandula latifolia (L.f.)
1526,Henna,Lawsonia inermis L.
1259,Swamp rice grass,Leersia hexandra Sw.
1546,Tara,Lemuropisum edule
226,Lentil,Lens culinaris Medikus
1195,Maca,Lepidium meyenii Walpers
1032,Garden cress,Lepidium sativum L.
484,Black swamp grass,Leptochloa fusca (L.) Kunth
391,Sericea,Lespedeza cuneata (Dum) G.
903,Korean clover,Lespedeza stipulacea Maxim.
904,Japanese clover,Lespedeza striata (Thunb.)
1377,Leucaena diversifolia,Leucaena diversifolia Benth
808,Leucaena,Leucaena leucocephala (La.)
173,Lovage,Levisticum officinale Koch
1381,Wedge leaflet fan palm,Licuala ramsayi (F.Muell.)
130,White meadowfoam,Limnanthes alba
227,Linseed,Linum usitatissimum L.
346,Bilsted,Liquidambar styaciflua L.
270,Lychee,Litchi chinensis Sonn.
590,Cabbage-tree palm,Livistona australis (R.Br)
68,Italien ryegrass,Lolium multiflorum Lam.
22,Perennial reygrass,Lolium perenne L.
108,Rigid ryegrass,Lolium rigidum Gaud.
1163,Barbasco,Lonchocarpus nicou (Aubl.)
1449,Swamp box,Lophostemon suaveolens Sol.
818,Lotononis,Lotononis bainesii Baker
229,Birdsfoot trefoil,Lotus corniculatus L.
239,Silvery birdsfoot tref,Lotus creticus L.
217,Esculent birdsfoot tre,Lotus edulis L.
218,Pretty birdsfoot trefo,Lotus halophilus Boiss.
143,Narrowleaf trefoil,Lotus tenuis Wald. & Kit.
142,Big trefoil,Lotus uliginosus Schkuhr
959,Common russet grass,Loudetia simplex (Nees) C.
1677,Ridged gourd,Luffa acutangula (L.) Roxb.
1678,Smooth luffa,Luffa cylindrica (L.) M.J.R
1274,Lumnitzera,Lumnitzera littorea (Jack)
1273,Kirpa,Lumnitzera racemosa Willd.
7,White Lupine,Lupinus albus L.
8,Blue lupine,Lupinus angustifolius L.
541,Sand plain lupin,Lupinus cosentinii Guss.
9,Yellow Lupine,Lupinus luteus L.
368,Tarwi,Lupinus mutabilis Sweet
137,Lupinus pilosus,Lupinus pilosus
1492,Chinese boxthorn,Lycium chinense Miller
244,Tomato,Lycopersicon esculentum M.
723,Macademia nut,Macadamia tetraphylla
1552,Macademia nut,Macademia integrifolia M&B.
1685,Siratro,Macroptilium atropurpureum
293,Phasey bean,Macroptilium lathyroides L.
989,Perennial horse gram,Macrotyloma axillare (E.M.)
1658,Horse gram,Macrotyloma uniflorum (Lam)
1181,Musizi,Maesopsis eminii Engl.
111,Sweet marjoram,Majorana hortensis (MÃ¶nch)
1543,Kamala,Mallotus philippensis (La.)
465,Barbados cherry,Malpighia glabra L.
760,Apple,Malus domestica Borkh.
246,Apple,Malus sylvestris Mill.
408,Mammey apple,Mammea americana L.
259,Mango,Mangifera indica L.
1638,Cassava,Manihot esculenta Crantz.
378,Sapodilla,Manilkara achras (Mill) Fos
794,Arrowroot,Maranta arundinacea L.
560,Horehound,Marrubium vulgare L.
559,German camomile,Matricaria recutita L.
1225,Buriti palm,Mauritia flexuosa L.
144,Spotted burclover,Medicago arabica (L.) Huds.
429,Sickle medick,Medicago falcata L.
744,Calvary medic,Medicago intertexta (L) Mi.
738,Cut leaf medic,Medicago laciniata (L) Mil.
737,Strand medic,Medicago littoralis Rhode
485,Black medic,Medicago lupulina L.
740,Goldfields medic,Medicago minima (L.) Bart.
486,Buttonclover,Medicago orbicularis (L) B.
487,Burr medic,Medicago polymorpha L.
742,Tifton medick,Medicago rigidula (L.) All.
739,Snail clover,Medicago rugosa Desr.
252,Alfalfa,Medicago sativa L.
1176,Snail medic,Medicago scutellata (L)Mill
741,Luzerne escargot,Medicago tornata (L) Mill.
736,Aleppo clover,Medicago truncatula Gaertn.
743,Cogwheel medick,Medicago turbinata (L.) All
430,Variegated alfalfa,Medicago varia Martyrn.
1450,Winti,Melaleuca arcana S.T. Blake
713,River tea-tree,Melaleuca bracteata F.Muel.
1451,Swamp tea-tree,Melaleuca cajuputi Powell.
1343,Blue-leaved paperbark,Melaleuca dealbata S.T.Bla.
654,Moonah,Melaleuca lanceolata Otto
860,Long-leaved paperbark,Melaleuca leucadendron L.
1452,Yellow-bark. paperbark,Melaleuca nervosa (Lindley)
1353,Fine-veined paperbark,Melaleuca quinquenervia (C)
1453,Liniment tree,Melaleuca symphyocarpa F.M.
1454,Broad-leaved paperbark,Melaleuca viridiflora Sol.
1354,Chinaberry,Melia azedarach L.
714,White cedar,Melia azedarach v austral.
1192,Malabar neem wood,Melia compostia Willd.
926,Spanish lime,Melicoccus bijugatus Jacq.
25,White sweetclover,Melilotus alba Medik.
425,Indian melilot,Melilotus indica (L.) All.
26,Yellow sweetclover,Melilotus officinalis Lam.
148,Sweet clover,Melilotus suaveolens Ledeb.
801,Molasses grass,Melinis minutiflora Beauv.
160,Sweet balm,Melissa officinalis L.
1369,Melocalamus,Melocalamus compactiflorus
1368,Melocanna,Melocanna baccifera (Roxb.)
112,Corn mint,Mentha arvensis v piperasc.
161,European pennyroyal,Mentha pulegium L.
162,Applemint,Mentha rotundifolia (L)Huds
113,Spearmint,Mentha spicata L. v. crispa
1567,Peppermint,Mentha x piperita L.
1120,Mesua,Mesua ferrea L.
1561,Sago palm,Metroxylon sagu Rottboell
1109,Champac,Michelia champaca L.
1110,Champ,Michelia doltsopa Buch. Ha.
1329,Banyonan tembaga,Microstegium ciliatum (T.)
1330,Mile-a-minute,Mikania cordata (B.) B.L.R.
1044,Bari-kai,Miliusa velutina (Dunal) H.
1331,Sensitive plant,Mimosa pudica L.
1522,Mauka,Mirabillis expansa Ruiz & P
1673,Bitter gourd,Momordica charantia L.
1493,Sweet gourd,Momordica cochinchinensis
1494,Hastate-leaved p.weed,Monochoria hastata (L.) S.
1495,Oval-leaved pondweed,Monochoria vaginalis (N.L.)
482,Monstera,Monstera deliciosa Liebm.
1507,Indian mulberry,Morinda citrifolia L.
1597,Benoil tree,Moringa oleifera Lam.
1622,White mulberry,Morus alba  L.
1602,Black mulberry,Morus nigra L.
1623,Red mulberry,Morus rubra L.
1665,Velvet bean,Mucuna pruriens (L.) DC.
1360,Jamaica cherry,Muntingia calabura L.
1598,Curryleaf tree,Murraya koenigii (L.) Spre.
243,Banana,Musa acuminata Colla
581,Banana,Musa acuminata x M. balbis.
512,Plantain bananas,Musa balbisiana Colla
727,Banana,Musa halabanensis Meijer
1496,Banana,Musa salaccensis Zoll.
785,Abaca,Musa textilis Nee
861,Umbrella tree,Musanga cecropioides R.Br.
466,Jaboticabas,Myrciaria cauliflora (Mart)
437,Nutmeg,Myristica fragrans Houtt.
1164,Tulo balsam,Myroxylon balsamum (L) Har.
1165,Peru balsam,Myroxylon balsamum v perei.
1284,Kurjan seed,Myrsine africana L.
163,Myrtle,Myrtus communis L.
232,Watercress,Nasturtium officinale R.Br.
871,Highland cress,Nasturtium schlechteri O.E
862,Opepe,Nauclea diderrichii (De W.)
1294,Cheesewood,Nauclea orientalis (L.) L.
881,Sacred lotus,Nelumbo nucifera Gaertn.
1455,Neofabricia myrtifolia,Neofabricia myrtifolia (G.)
1476,Caroa fibre,Neoglazovia varigata Mez.
1370,Neohouzeaua,Neohouzeaua dullooa (Gram.)
164,Catnip,Nepeta cataria L.
1594,Rambutan,Nephelium lappaceum L.
925,Pulasan,Nephelium mutabile Bl.
1497,Water mimosa,Neptunia prostrata (Lamk) B
473,Nicotine tobacco,Nicotiana rustica L.
464,Oriental tobacco,Nicotiana spp
1697,Burley tobacco,Nicotiana spp
1648,Tobacco,Nicotiana tabacum L.
1027,Black cumin,Nigella sativa L.
172,Myrtle,Nothofagus cunninghamii (H)
594,Negrohead beech,Nothofagus moorei (F.Muell)
1604,Nipa palm,Nypa fruticans Wurmb.
1138,Balsa,Ochroma pyramidale (Cav.)
1264,Hoary basil,Ocimum americanum L.
441,Basil,Ocimum basilicum L.
1182,Binuang,Octomeles sumatrana Miq.
1571,Oenanthe,Oenanthe javanica (Bl.) DC.
1085,Wild olive,Olea africana Miller
1243,Indian olive,Olea cuspidata Wall.
253,"Olive, Europaen",Olea europaea L.
1508,Nibong,Oncosperma tigillarium (J.)
214,Onobrychis scrobiculata,Onobrychis scrobiculata Bo.
27,Sainfoin,Onobrychis viciifolia Scop.
886,Indianfig,Opunita ficus-indica (L.) M
1267,Cohume palm,Orbignya cohume (Mart.) Da.
1268,Babacu palm,Orbignya martiana Bard&Rodr
1269,Babacu palm,Orbignya oleifera Burret
446,Pot marjoram,Origanum creticum L.
445,Oregano,Origanum vulgare L.
488,Serradella,Ornithopus roseus Dufour
1070,African rice,Oryza glaberrima Steud.
766,"Rice, paddy (Indica)",Oryza sativa L. s. indica
1337,Rice upland (Indica),Oryza sativa L. s. indica
538,Rice paddy (Japonica),Oryza sativa L. s. japonica
539,Rice upland (Japonica),Oryza sativa L. s. japonica
540,Bulu rice (Javanica),Oryza sativa s. javanica
998,Ricegrass,Oryzopsis holciformis (M.B)
960,Smilograss,Oryzopsis miliacea (L.) As.
1197,Oca,Oxalis tuberosa Molina
1371,Kalia,Oxytenanthera nigrociliata
499,Ahipa,Pachyrrhizus ahipa (Wed.)P.
1691,Yam bean,Pachyrrhizus erosus L Urban
1051,Potato bean,Pachyrrhizus tuberosus (L.)
1046,Gutta percha,Palaquium gutta (Hook)Burck
159,American ginseng,Panax quinquefolium L.
853,Karuka,Pandanus julianettii Martel
290,Blue panic,Panicum antidotale Retz.
802,Coloured Guinea grass,Panicum coloratum L.
961,Makarikari grass,Panicum coloratum L. v mak.
803,Guinea grass,Panicum maximum Jacq.
962,Green panic,Panicum maximum Jacq. v tr.
1643,"Millet, common",Panicum miliaceum L.
964,Vine mesquite,Panicum obtusum
963,Torpedo grass,Panicum repens L.
1157,Little millet,Panicum sumatrense Roth ex
999,Turgid panic grass,Panicum turgidum Forsk.
943,Switchgrass,Panicum virgatum L.
1260,Pepper grass,Panicum whitei J.B. Black
525,Scarlet poppy,Papaver bracteatum Lindl.
129,Opium poppy,Papaver somniferum L.
1456,Nonda-tree,Parinari nonda F. Muell.
1347,Locust bean tree,Parkia biglobosa (Jacq.) B.
1562,Horse bean tree,Parkinsonia aculeata L.
1015,Guayule,Parthenium argentatum Gray
33,Dallis grass,Paspalum dilatatum Poiret
965,Salt-water couch,Paspalum distichum L.
34,Bahia grass,Paspalum notatum Fluegge
996,Plicatulum glabrum,Paspalum plicatulum M.v gl.
421,Plicatulum,Paspalum plicatulum Michaux
966,Kodo millet,Paspalum scrobiculatum L.
967,Vasey grass,Paspalum urvillei Steud.
968,Broad-leaf paspalum,Paspalum wettsteinii Hack.
788,Purple passionfruit,Passiflora edulis v edulis
1340,Golden passionfruit,Passiflora edulis v flavic.
1487,Water-lemon,Passiflora laurifolia L.
922,Sweet granadilla,Passiflora ligularis Juss.
1586,Banana passionfruit,Passiflora mollissima (HBK)
1582,Giant granadilla,Passiflora quadrangularis L
383,Parsnip,Pastinaca sativa L.
1263,Guarana,Paullinia cupana H.B.K.
497,Kiri,Paulownia tomentosa Steud.
863,Yellow flane,Peltophorum pterocarpum DC
291,Kikuyu grass,Pennisetum clandestinum H.
1681,Pearl millet,Pennisetum glaucum (L)R.Br.
969,Annual kyasuwa grass,Pennisetum pedicellatum Tr.
970,Mission grass,Pennisetum polystachion (L)
804,Elephant grass,Pennisetum purpureum Schum.
1302,Oil-bean tree,Pentaclethra macrophylla B.
864,Afrormosia,Pericopsis elata (Harms) M.
1517,Nandu wood,Pericopsis mooniana Thwait.
782,Avocado  (Mexican),Persea americana Mill.
1338,Avocado  (Guatemalan),Persea americana Mill.
1339,Avocado  (West Indian),Persea americana Mill.
1457,Wild pear,Persoonia falcata R. Br.
1458,Quinine tree,Petalostigma pubescens Dom.
1581,Parsley,Petroselinum crispum Mill.
1000,Bulb canarygrass,Phalaris aquatica L.
17,Reed canarygrass,Phalaris arundinacea L.
211,Canary grass,Phalaris canariensis L.
1001,Sunolgrass,Phalaris coerulescens Desf.
1663,Tepary bean,Phaseolus acutifolius Gray
1662,Scarlet runner bean,Phaseolus coccineus L.
1659,Lima bean,Phaseolus lunatus L.
1518,Botil,Phaseolus polyanthus Green.
1651,"Bean, Common",Phaseolus vulgaris L.
23,Timothy,Phleum pratense L.
778,Date palm,Phoenix dactylifera L.
458,New Zealand flax,Phormium tenax Forst.
971,Common reed,Phragmites australis (Cav.)
186,Phragmites communis,Phragmites communis (L.) T.
972,Pit-pit,Phragmites karka (Retz.) St
752,Emblic myrobalan,Phyllanthus emblica L.
176,Celery top pine,Phyllocladus aspleniifolius
389,Goldenberry,Physalis peruviana L. v ed
1520,Tomatillo,Physalis philadelphica Lam.
510,West Himalayan spruce,Picea morida Link.
1019,Pimento,Pimenta dioica (L.) Merr.
1034,Bay tree,Pimenta racemosa (Mill.) J.
513,Anise,Pimpinella anisum L.
1183,Mexican white pine,Pinus ayacahuite Ehrenb.
1407,Pinus ayachuite,Pinus ayachuite Ehrenb v Br
347,Brutia pine,Pinus brutia Ten.
348,Canary Island pine,Pinus canariensis C.Sm.
1184,Bahaman pine,"Pinus caribaea, bahamensis"
349,Carribean pine,"Pinus caribaea, caribaea"
350,Honduran pine,"Pinus caribaea, hondurensis"
1348,Pinus chiapensis,Pinus chiapensis (Martinez)
1405,Pinus douglasiana,Pinus douglasiana Martinez
1406,Pinus durangensis,Pinus durangensis Martinez
351,Slash pine,"Pinus elliottii, elliottii"
503,Blue pine,Pinus excelsa Wall.
1235,Chilgoza pine,Pinus gerardiana Wall.
1185,Pinus greggii,Pinus greggii Engelm.
352,Aleppo pine,Pinus halepensis Mill.
1400,Ocote,Pinus hartwegii Lindl.
353,Khasya pine,Pinus kesiya Royle ex Gord.
354,Tenasserim pine,"Pinus merkusii, continental"
355,Tenasserim pine,"Pinus merkusii, island"
1403,Ocote,Pinus michoacana F. tumida
356,Michoacan pine,Pinus michoacana Martinez
1402,Mocochtaj,Pinus michoacana v cornuta
357,Montezuma pine,Pinus montezumae Lamb.
358,West Indian pine,Pinus occidentalis Swartz
1186,Pinus oocarpa,Pinus oocarpa Schiede
1404,Ocote de carretilla,Pinus oocarpa v ochoterenai
359,Longleaf pine,Pinus palustris Mill.
360,Patula pine,Pinus patula Schiede & Dep.
361,Maritime pine,Pinus pinaster Aiton (Port)
362,Umbrella pine,Pinus pinea L.
363,Ponderosa pine,Pinus ponderosa Dougl.
1399,Mocochtaj,Pinus psedostrobus v oaxac.
364,False Weymounth pine,Pinus pseudostrobus Lindl.
365,Radiata pine,Pinus radiata D. Don.
366,Chir pine,Pinus roxburghii Sarg.
1401,Ocote,Pinus rudis Endl.
1187,Pinabete,Pinus strobus v. chiapensis
205,Scots pine,Pinus sylvestris L.
206,Pinus sylvestris v mon,Pinus sylvestris v mongoli.
207,Pinus tabulaeformis,Pinus tabulaeformis Carr.
367,Loblolly pine,Pinus taeda L.
1398,Cantaj,Pinus tenuifolia Benth.
1397,Ocote,Pinus teocote Schl. & Cham.
1052,Betel vine,Piper betle L.
1480,Kava,Piper methysticum Forst.
251,"Pepper, black or white",Piper nigrum L.
793,Pistachio nut,Pistacia vera L.
1649,Pea,Pisum sativum L.
1378,Kamachile,Pithecellobium dulce (Rox.)
1153,Livingstone potato,Plectranthus esculentus N.E
66,Annual bluegrass,Poa annua L.
105,Bulbous bluegrass,Poa bulbosa L.
200,Canada bluegrass,Poa compressa L.
106,Mutton bluegrass,Poa fendleriana (Steud.) V.
24,Smooth meadow grass,Poa pratensis L.
107,Sinai meadow grass,Poa sinaica Steud.
67,Rough bluegrass,Poa trivialis L.
589,Brown pine,Podocarpus elatus R. Br.
1121,Ballagi,Poeciloneuron indicum Bedd.
1035,Patchouli,Pogostemon cablin (Blanco)
1112,Debdaru,Polyalthia fragrans (Dalz.)
543,Yacon,Polymnia sonchifolia P.& E.
1498,Valangur,Polyscias verticillata Ston
40,Carolina poplar,Populus deltoides Bartr.
1356,Euphrates poplar,Populus euphratica Oliv.
208,Populus simonii,Populus simonii
728,Purslane,Portulaca oleracea L.
729,"Purslane, Single-flow.",Portulaca quadrifida L.
934,Canistel,Pouteria campechiana (H.B.)
500,Lucuma,Pouteria lucuma
933,Sapote,Pouteria sapota (Jacq) H.M.
865,Algarrobo blanco,Prosopis chilensis (Mol.)
866,Jand,Prosopis cineraria (L.) Dr.
867,Mesquite,Prosopis juliflora (Sw.)DC.
1098,Algaroba,Prosopis pallida H.B.K.
1097,Jand,Prosopis spicigera L.
868,Tamarugo,Prosopis tamarugo F. Phil.
1099,Prosopis velutina,Prosopis velutina Wooton
1554,Almond,Prunus amygdalus Batsch.
267,Apricot,Prunus armeniaca L.
237,"Cherry, Sweet",Prunus avium L.
380,"Cherry, Sour",Prunus cerasus L.
269,Plum,Prunus domestica L.
761,"Apricot, Japanese",Prunus mume Siebold & Zucc.
268,Peach,Prunus persica (L.) Batsch
722,"Plum, Japanese",Prunus salicina Lindley
271,"Wildrye, Russian",Psathyrostachys juncea (F.)
923,"Guava, Strawberry",Psidium cattleianum Sabine
924,"Guava, Costa Rican",Psidium friedrichsthalianum
784,Guava,Psidium guajava L.
1666,"Bean, Winged",Psophocarpus tetragonolobus
990,Bullamon lucerne,Psoralea patens Lindl.
1292,Andaman redwood,Pterocarpus dalbergioides R
1166,Senegal rosewood,Pterocarpus erinaceus Poir.
1295,Malay padauk,Pterocarpus indicus Willd.
1293,Burma padauk,Pterocarpus macrocarpus Ku.
1291,Kino tree,Pterocarpus marsupium Roxb.
1167,Red sandalwood,Pterocarpus santalinus L.f.
187,Puccinellia tenuiflora,Puccinellia tenuiflora (S.)
145,Kudzu,Pueraria lobata (Willd.) O.
814,Tropical kudzu,Pueraria phaseoloides (R.)
905,Pomegranate,Punica granatum L.
377,Pear,Pyrus communis L.
521,Sand pear,Pyrus pyrifolia (Burm. f.)
506,Green oak,Quercus dilatata Lindl.
529,Holm oak,Quercus ilex L.
505,Grey oak,Quercus incana Roxb.
732,Buk oak,Quercus lamellosa Smith
508,Woolly oak,Quercus lanuginosa Don.
733,Pasang batu,Quercus lineata Blume
507,Brown oak,Quercus semecarpifolia Smi.
1013,Cork oak,Quercus suber L.
518,Virginia live oak,Quercus virginiana
1615,"Radish, Chinese",Raphanus sativus L. (C.R.)
1627,"Radish, Leaf",Raphanus sativus L. (L.R.)
1628,"Radish, Rat-tailed",Raphanus sativus L. (R.R.)
1629,"Radish, Western",Raphanus sativus L. (S.R.)
1478,Wine palm,Raphia hookeri Mann.& Wendl
1265,Java devil pepper,Rauwolfia serpentina Benth.
1617,Garden rhubarb,Rheum rhaponticum L.
1470,Red mangrove,Rhizophora mangle L.
1280,Asiatic mangrove,Rhizophora mucronata Lam.
1389,Small-stilted mangrove,Rhizophora stylosa Griffith
991,Rhynchosia,Rhynchosia minima (L.) DC
44,Hairy gooseberry,Ribes hirtellum
45,Black currant,Ribes nigrum L.
46,Red currant,Ribes rubrum
47,Common red ribes,Ribes sativum
1589,European gooseberry,Ribes uva-crispa L.
228,Castor,Ricinus communis L.
1563,False acacia,Robinia pseudoacacia L.
869,Primavera,Roseodendron donn.-smithii
1590,Rosemary,Rosmarinus officinalis L.
381,Red raspberry,Rubus idaeus L.
382,Black raspberry,Rubus occidentalis L.
463,Purple raspberry,Rubus occidentalis x idaeus
131,Dewberries,Rubus spp
132,Blackberry,Rubus spp
460,Rumex crispus,Rumex crispus L.
566,Lengua de vaca,Rumex obtusifolius L.
1625,Rungia,Rungia klossii S. Moore
1028,Common rue,Ruta graveolens L. v. brac.
1073,Indian cane,Saccharum barberi Jesweit
1484,Pitpit,Saccharum edule Hassk.
1639,Sugarcane,Saccharum officinarum L.
1072,Sugarcane,Saccharum robustum Brandes
1074,Japanese cane,Saccharum sinense Roxb.
1071,Wild cane,Saccharum spontaneum L.
1350,Andaman bow-wood,Sageraea elliptica Hook. f.
561,Arrowhead,Sagittaria sagittifolia L.
1540,Rakum palm,Salacca wallichiana C. Mar.
1509,Salak palm,Salacca zalacca (Gaertner)
1576,Sauce americano,Salix babylonica L.v.sacra.
204,Salix flavida,Salix flavida Chang & Skv.
447,Sage,Salvia officinalis L.
448,Clary sage,Salvia sclarea L.
872,Raintree,Samanea saman Merrill
883,Eastern elderberry,Sambucus canadensis L.
884,Western elderberry,Sambucus cerulea Nutt.
444,Burnet,Sanguisorba minor
1475,Bowstring hemp,Sansevieria guineensis (L)
1298,Quandong,Santalum acuminatum
1247,"Sandalwood, Indian",Santalum album L.
238,"Sandalwood, Australian",Santalum spicatum (R.Br)DC.
1201,Ritha,Sapindus emarginatus Vahl.
1289,Chinese tallow tree,Sapium sebiferum (L.) Roxb.
449,Summer savory,Satureia hortensis L.
1024,Winter savory,Satureia montana L.
1588,Star gooseberry,Sauropus androgynus Merrill
1577,Pepper tree,Schinus molle L.
1578,Brazilian fire tree,Schizolobium parahybum (V.)
600,Crabapple,Schizomeria ovata D. Don.
1202,Lac-tree,Schleichera oleosa (Lour.)
1290,Morula,Sclerocarya caffra Sond.
1642,Rye,Secale cereale L.
1002,Mountain rye,Secale montanum Guss.
1675,Choyote,Sechium edule (Jacq) Swartz
1261,Rat's tail grass,Sehima nervosum (Willd.) S.
1549,Sesame seed,Sesamum indicum L.
1086,Danicha,Sesbania bispinosa (Jacq.)
1103,Sesbania cannabia,Sesbania cannabia (Retz.) P
1087,Colorado river hemp,Sesbania exaltata (Raf.) R.
1459,Swamp corkwood,Sesbania formosa (F.Muell.)
873,Agati,Sesbania grandiflora (L.)P.
1104,Sesbania macrantha,Sesbania macrantha v levis
1111,Sesbania macrantha,Sesbania macrantha v macra.
1105,Sesbania pachycarpa,Sesbania pachycarpa
1106,Egyptian rattle pod,Sesbania sesban (L.)Merrill
1682,Italian millet,Setaria italica (L.) Beauv.
35,Golden timothy,Setaria sphacelata 'Kazun.'
170,Golden timothy,Setaria sphacelata 'Nandi'
171,Golden timothy,Setaria sphacelata 'Narok'
1123,Makai,Shorea assamica Dyer.
1122,Sal,Shorea robusta Gaertn. f.
1124,Lac tree,Shorea talura Roxb.
1125,Green dammar tree,Shorea tumbuggaia Roxb.
233,Jojoba,Simmondsia chinensis Link.
42,"Mustard, White",Sinapis alba L.
593,Yellow carabeen,Sloanea woollsii F. Muell.
1500,Tarong pasai,Solanum ferox L.
523,Cocona,Solanum hyporhodium A.Br.&B
371,Sodum apple,Solanum incanum L.
522,Sunberry,Solanum instrusum
372,"Eggplant, African",Solanum macrocarpon L.
262,Eggplant,Solanum melongena L.
1687,Melon pear,Solanum muricatum Ait.
1566,Black nightshade,Solanum nigrum L.
1688,Naranjilla,Solanum quitoense Lamarck
1499,Plate bush,Solanum torvum Swartz
1547,Potato,Solanum tuberosum L.
1521,"Potato, Bitter",Solanum x juzepczukii
901,Hausa potato,Solenostemon rotundifolius
1417,Keora,Sonneratia apetala Ham.
1471,Crabapple mangrove,Sonneratia caseolaris (L.)
542,Sorghum (med. altitude),Sorghum bicolor (L.) Moench
767,Sorghum (low altitude),Sorghum bicolor (L.) Moench
1342,Sorghum (high altitude),Sorghum bicolor (L.) Moench
1683,Johnson grass,Sorghum halepense (L.) Pers
805,Columbus grass,Sorghum x almum Parodi
1684,Sudan grass,Sorghum x drummondii (S.)
1193,Indian red wood,Soymida febrifuga A. Juss.
149,Spanish broom,Spartium junceum L.
1154,African yam bean,Sphenostylis stenocarpa (H)
1607,Spinach,Spinacia oleracea L.
188,Spodiopongo sibiricus,Spodiopongo sibiricus Trin
479,Ambarella,Spondias cytherea Sonn.
520,Hog plum,Spondias mombin L.
483,Red mombin,Spondias purpurea L.
973,Alkali sacaton,Sporobolus airoides Torr.
1564,Chinese artichoke,Stachys affinis Bunge
806,St Augustine grass,Stenotaphrum secundatum (W)
1240,Kaem,Stephegyne parvifolia Korth
1140,Papita,Sterculia campanulata Wall
1141,Karaya gum,Sterculia urens Roxb.
1142,Udal,Sterculia villosa Roxb.
1245,Padal,Sterospermum suaveolens DC.
1630,Stevia,Stevia rebaudiana (Bertoni)
1003,Needler grass,Stipa barbata Desf.
1004,Feather grass,Stipa lagascae Roem.&Schult
1005,Feather grass small-f.,Stipa parviflora Desf.
1287,Esparto,Stipa tenacissima L.
193,Stripa Krylovii,Stripa Krylovii Roshev.
189,Stripa baicalensis,Stripa baicalensis Roshev
195,Stripa breviflora,Stripa breviflora Griseb.
194,Stripa capillata,Stripa capillata L.
191,Stripa glareosa,Stripa glareosa Smirn.
192,Stripa gobica,Stripa gobica Roshev.
190,Stripa grandis,Stripa grandis Smirn.
1332,Stylosanthes,Stylosanthes capitata Vogel
1168,Nigerian stylo,Stylosanthes erecta Beauv.
815,Brazilian lucerne,Stylosanthes guianensis gui
992,Fine stem stylo,Stylosanthes guianensis int
1696,Carribean stylo,Stylosanthes hamata (L.) T.
816,Townsville lucerne,Stylosanthes humilis H.B.K.
1333,Stylosanthes macro.,Stylosanthes macrocephala
993,Shrubby stylo,Stylosanthes scabra Vogel
1188,Large-leaved mahogany,Swietenia macrophylla King
1194,Small-leaved mahogany,Swietenia mahagoni (L) Jacq
655,Turpentine,Syncarpia glomulifera (Sm.)
715,Satinay,Syncarpia hillii Bailey.
874,Mayflower,Tabebuia rosea (Bertol.)DC.
1501,Waterleaf,Talinum triangulare (Jacq.)
374,Tamarind,Tamarindus indica L.
1579,Tamarisk,Tamarix aphylla (L.) Karst.
717,Tamarisk (Chinese),Tamarix chinensis Lour.
117,Dandelion,Taraxacum officinale Weber
564,Camphor bush,Tarchonanthus camphoratus L
43,Swamp cypress,Taxodium distichum (L) Rich
781,Teak,Tectona grandis L.f.
882,Fluted pumpkin,Telfairia occidentalis H.f.
892,Oyster nut,Telfairia pendata (S.ex S.)
1169,White tephrosia,Tephrosia candida (Roxb.)DC
1170,Fishbean,Tephrosia vogelii Hook. f.
1219,Arjuna,Terminalia arjuna (Roxb.) W
1461,Nutwood,Terminalia arostrata Ewart
1216,Bahera,Terminalia belerica Roxb.
1189,Swamp oak,Terminalia brassii Exell
1349,Kwako,Terminalia calamansanai R.
1357,Indian almond,Terminalia catappa L.
1217,Chebulic myrobalan,Terminalia chebula Retz.
875,Idigbo,Terminalia ivorensis A.Chev
1220,Panisaj,Terminalia myriocarpa Heur.
1221,Kindal,Terminalia paniculata Roth.
1462,Damson,Terminalia sericocarpa F.M.
876,Afara,Terminalia superba Engl.&D.
1218,Sain,Terminalia tomentosa W.& A.
1463,Rosewood,Terminalia volucris R. Br.
55,New Zealand spinach,Tetragonia tetragonioides P
880,Miracle-fruit,Thaumatococcus daniellii B.
1619,Kangaroo grass,Themeda australis (R.Br.) S
974,Habana oat grass,Themeda quadrivalis (L.) K.
422,Red oat grass,Themeda triandra Forsk.
515,Cacao blanco,Theobroma bicolor Humb. et
248,Cacao,Theobroma cacao L.
514,Brazilian cacao,Theobroma grandiflorum (Sp)
158,Wild thyme,Thymus serpyllum L.
115,Thyme,Thymus vulgaris L.
1372,Tiyowa,Thyrsostachys siamensis Ga.
596,Red cedar,Toona australis (F. Muell.)
877,Toona,Toona ciliata M.J. Roem
1199,Hill toon,Toona serrata (Roxb.) M.Ro.
1029,Ammi,Trachyspermum ammi (L.) Sp.
39,Salsify,Tragopogon porrifolius L.
582,Charcoal tree,Trema orientalis (L.) Blume
1418,Pitali,Trewia nudiflora L
1152,Snake gourd,Trichosanthes cucumerina L.
152,Hop clover,Trifolium agrarium L.
977,Egyptian clover,Trifolium alexandrinum L.
146,Kura clover,Trifolium ambiguum Bieb.
96,Rabbitfoot clover,Trifolium arvense L.
153,Large hop clover,Trifolium campestre Schreb.
749,Cupped clover,Trifolium cherlei L.
154,Small hope clover,Trifolium dubium Sibth.
62,Strawberry clover,Trifolium fragiferum L.
94,Rose clover,Trifolium hirtum All.
30,Alsike clover,Trifolium hybridum L.
58,Crimson clover,Trifolium incarnatum L.
20,Zigzag clover,Trifolium medium L.
489,Ball clover,Trifolium nigrescens Viv.
750,Trifolium pilulare,Trifolium pilulare Boiss.
28,Red clover,Trifolium pratense L.
29,White clover,Trifolium repens L.
95,Persian clover,Trifolium resupinatum L.
431,Kenya white clover,Trifolium semipilosum Fres.
93,Subterranean clover,Trifolium subterraneum L.
751,Wolly trefoil,Trifolium tomentosum
97,Whitetip clover,Trifolium variegatum Nutt.
92,Arrowleaf clover,Trifolium vesiculosum Savi
1014,Fenugreek,Trigonella foenum-graecum L
878,African white wood,Triplochiton scleroxylon K.
1334,Guatemala grass,Tripsacum andersonii J.R.G.
656,Brush box,Tristania conferta R.Br.
219,"Wheat, common",Triticum aestivum L.
453,"Wheat, club",Triticum compactum Host
452,Emmer,Triticum diococcon Schrank
1620,"Wheat, durum",Triticum durum Desf.
118,Spelt,Triticum spelta L.
1196,Mashua,Tropaeolum tuberosum R.& P.
690,Masuku,Uapaca kirkiana Muell.-Arg.
1198,Ullucu,Ullucus tuberosus Caldas
1045,Gambier,Uncaria gambir (Hunter) Ro.
1556,Urena,Urena lobata L.
423,Sabi grass,Urochloa mosambicensis (H.)
929,Dubi grass,Urochloa oligotricha (Fig.)
975,Liverseed grass,Urochloa panicoides Beauv.
1584,Lowbush blueberry,Vaccinium angustifolium Ait
1585,Highbush blueberry,Vaccinium corymbosum L.
1583,Cranberry,Vaccinium macrocarpon Ait.
552,Valerian,Valeriana officinals L.
1022,Vanilla,Vanilla planifolia Andrews
1134,White Dhup,Vateria indica L.
716,Supplejack,Ventilago viminalis Hook
424,Vetiver grass,Vetiveria zizanioides (L.)
126,Purple vetch,Vicia benghalensis L.
127,Bitter vetch,Vicia ervilia (L.) Willd.
258,Broad bean,Vicia faba L.
128,Bard vetch,Vicia monantha Retz.
215,Narbonne vetch,Vicia narbonensis L.
124,Hungarian vetch,Vicia pannonica Crantz
125,Blackpod vetch,Vicia sativa L. s. nigra
123,Common vetch,Vicia sativa L. s. sativa
122,Woolypod vetch,Vicia villosa Roth
216,Cardyne vetch,Vicia villosa Roth. s dasy.
1660,Moth bean,Vigna aconitifolia (Jacq.)
1656,Adzuki bean,Vigna angularis (Willd.) O.
994,Vigna hosei,Vigna hosei (Craib) Back.
432,Dalrymple vigna,Vigna luteola (Jacq.) Benth
1664,Urd bean,Vigna mungo (L.) Hepper
995,Creeping vigna,Vigna parkeri Baker
1661,Mung bean,Vigna radiata (L.) Wilczek
791,Rice bean,Vigna umbellata (Thunb.)
1171,Sowpea,Vigna unguiculata bliflo. L
1657,Asparagus bean,Vigna unguiculata sesqui. L
1646,Cowpea,Vigna unguiculata unguic. L
1172,Zombi pea,Vigna vexillata (L.) A.Rich
583,Molave,Vitex parviflora A. Juss.
528,Fox grape,Vitis labrusca L.
527,Muscadine grape,Vitis rotundifolia Michx.
1637,European wine grape,Vitis vinifera L.
1667,Bambara groundnut,Voandzeia subterranea (L)T.
1244,Dudhi,Wrightia tomentosa Roem.&Sc
721,Beleme,Xanthosoma brasiliense Engl
770,Tannia,Xanthosoma sagittifolium L.
1209,Ironwood of burma,Xylia dolabriformis Benth.
1514,Jamba,Xylia xylocarpa Roxb.
1276,Pinle on,Xylocarpus granatum KÃ¶nig
1277,Pussur,Xylocarpus mekongensis Pie.
1528,Nyiri batu,Xylocarpus moluccensis (L.)
1303,Itabo,Yucca elephantipes Regel.
1636,Maize,Zea mays L. s. mays
1704,Soft maize,Zea mays v. amylacea Sturt
1706,Vaxy maize,Zea mays v. ceratina Kulash
1705,Pop maize,Zea mays v. everta Sturt
1701,Dent maize,Zea mays v. indentata Sturt
1702,Flint maize,Zea mays v. indurata Sturt
1707,Pod maize,Zea mays v. tunicata Sturt
1703,Sweet Corn,Zea mays v.saccharata Sturt
976,Teosinte,Zea mexicana (Schard.) Ree.
1573,Ginger,Zingiber officinale Rosc.
436,Indian jujube,Ziziphus mauritianus Lamk.
1580,Christ-thorn,Zizyphus spina-christi (L.)
517,Eelgrass,Zostera marina
526,Manila grass,Zoysia matrella (L) Merrill
