RID,SID,NAME,SCIENTNAME,FAOSTAT,FAO_Code,FAO_Code2,FAO_Code3,crop,food,fiber,fodder,forestry,industry,plant,comms
1,1,Spinach beet,Beta vulgaris L. v flavesc.,TRUE,463,0,0,TRUE,TRUE,FALSE,FALSE,FALSE,FALSE,TRUE,""
2,2,Carrot,Daucus carota L.,TRUE,426,0,0,TRUE,TRUE,FALSE,FALSE,FALSE,FALSE,TRUE,""
3,3,English walnut,Juglans regia L.,TRUE,222,0,0,TRUE,TRUE,FALSE,FALSE,FALSE,FALSE,TRUE,""
4,4,European beech,Fagus sylvatica L.,TRUE,339,0,0,TRUE,TRUE,FALSE,FALSE,FALSE,FALSE,TRUE,""
5,5,China Jute,Abutilon theopharasti Medic,TRUE,782,0,0,TRUE,TRUE,TRUE,FALSE,FALSE,FALSE,TRUE,""
7,7,White Lupine,Lupinus albus L.,TRUE,210,0,0,TRUE,TRUE,FALSE,FALSE,FALSE,FALSE,TRUE,""
8,8,Blue lupine,Lupinus angustifolius L.,TRUE,210,0,0,TRUE,TRUE,FALSE,FALSE,FALSE,FALSE,TRUE,""
10,10,"Chestnut, European",Castanea sativa Mill.,TRUE,220,0,0,TRUE,TRUE,FALSE,FALSE,FALSE,FALSE,TRUE,""
12,12,"Chestnut, Chinese",Castanea mollisima L.,TRUE,220,0,0,TRUE,TRUE,FALSE,FALSE,FALSE,FALSE,TRUE,""
13,13,"Chestnut, American",Castanea dentata Borkh.,TRUE,220,0,0,TRUE,TRUE,FALSE,FALSE,FALSE,FALSE,TRUE,cultivated as a hybrid with other species
14,14,"Chestnut, Japanese",Castanea crenata Si. & Zu.,TRUE,220,0,0,TRUE,TRUE,FALSE,FALSE,FALSE,FALSE,TRUE,""
36,36,Garlic,Allium sativum L.,TRUE,406,0,0,TRUE,TRUE,FALSE,FALSE,FALSE,FALSE,TRUE,""
39,39,Salsify,Tragopogon porrifolius L.,TRUE,463,0,0,TRUE,TRUE,FALSE,FALSE,FALSE,FALSE,TRUE,""
41,41,Celery,Apium graveolens L. v dulce,TRUE,463,0,0,TRUE,TRUE,FALSE,FALSE,FALSE,FALSE,TRUE,""
42,42,"Mustard, White",Sinapis alba L.,TRUE,292,0,0,TRUE,TRUE,FALSE,FALSE,FALSE,FALSE,TRUE,""
44,44,Hairy gooseberry,Ribes hirtellum,TRUE,549,0,0,TRUE,TRUE,FALSE,FALSE,FALSE,FALSE,TRUE,Cultivated gooseberries are derived from this species and R. uva-crispa
45,45,Black currant,Ribes nigrum L.,TRUE,550,0,0,TRUE,TRUE,FALSE,FALSE,FALSE,FALSE,TRUE,""
46,46,Red currant,Ribes rubrum,TRUE,550,0,0,TRUE,TRUE,FALSE,FALSE,FALSE,FALSE,TRUE,""
47,46,Common red ribes,Ribes sativum,TRUE,550,0,0,TRUE,TRUE,FALSE,FALSE,FALSE,FALSE,TRUE,group of cultivars of R. rubrum
48,48,Jackfruit,Artocarpus heterophyllus L.,TRUE,603,0,0,TRUE,TRUE,FALSE,FALSE,FALSE,FALSE,TRUE,""
49,49,Leek,Allium ampeloprasum L.v p.,TRUE,407,0,0,TRUE,TRUE,FALSE,FALSE,FALSE,FALSE,TRUE,""
50,50,Chives,Allium schoenoprasum L.,TRUE,407,0,0,TRUE,TRUE,FALSE,FALSE,FALSE,FALSE,TRUE,""
52,1,Garden beet,Beta vulgaris L. v crassa,TRUE,463,0,0,TRUE,TRUE,FALSE,FALSE,FALSE,FALSE,TRUE,""
53,1,Swiss chard,Beta vulgaris L. v cicla,TRUE,463,0,0,TRUE,TRUE,FALSE,FALSE,FALSE,FALSE,TRUE,""
55,55,New Zealand spinach,Tetragonia tetragonioides P,TRUE,373,0,0,TRUE,TRUE,FALSE,FALSE,FALSE,FALSE,TRUE,""
56,56,Dill,Anethum graveolens L.,TRUE,723,0,0,TRUE,TRUE,FALSE,FALSE,FALSE,FALSE,TRUE,""
57,57,Fennel,Foeniculum vulgare Mill.,TRUE,711,0,0,TRUE,TRUE,FALSE,FALSE,FALSE,FALSE,TRUE,""
59,59,Black walnut,Juglans nigra L.,TRUE,222,0,0,TRUE,TRUE,FALSE,FALSE,FALSE,FALSE,TRUE,""
60,60,California b. walnut,Juglans hindsii Jeps.,TRUE,222,0,0,TRUE,TRUE,FALSE,FALSE,FALSE,FALSE,TRUE,""
61,61,Persimmon,Diospyros virginiana L.,TRUE,587,0,0,TRUE,TRUE,FALSE,FALSE,FALSE,FALSE,TRUE,""
110,110,Chervil,Anthriscus cerefolium L.,TRUE,463,0,0,TRUE,TRUE,FALSE,FALSE,FALSE,FALSE,TRUE,""
111,111,Sweet marjoram,Majorana hortensis (MÃ¶nch),TRUE,463,0,0,TRUE,TRUE,FALSE,FALSE,FALSE,FALSE,TRUE,""
113,113,Spearmint,Mentha spicata L. v. crispa,TRUE,748,0,0,TRUE,TRUE,FALSE,FALSE,FALSE,TRUE,TRUE,""
115,115,Thyme,Thymus vulgaris L.,TRUE,723,0,0,TRUE,TRUE,FALSE,FALSE,FALSE,FALSE,TRUE,""
118,118,Spelt,Triticum spelta L.,TRUE,15,0,0,TRUE,TRUE,FALSE,FALSE,FALSE,FALSE,TRUE,""
120,120,Red oat,Avena byzantina K. Koch,TRUE,75,0,0,TRUE,TRUE,FALSE,FALSE,FALSE,FALSE,TRUE,""
129,129,Opium poppy,Papaver somniferum L.,TRUE,296,0,0,TRUE,TRUE,FALSE,FALSE,FALSE,FALSE,TRUE,""
131,131,Dewberries,Rubus spp,TRUE,547,0,0,TRUE,TRUE,FALSE,FALSE,FALSE,FALSE,TRUE,""
132,131,Blackberry,Rubus spp,TRUE,547,0,0,TRUE,TRUE,FALSE,FALSE,FALSE,FALSE,TRUE,""
133,133,European strawberry,Fragaria vesca L.,TRUE,544,0,0,TRUE,TRUE,FALSE,FALSE,FALSE,FALSE,TRUE,""
138,138,Black mustard,Brassica nigra L.,TRUE,292,0,0,TRUE,TRUE,FALSE,FALSE,FALSE,FALSE,TRUE,""
150,150,Caper,Capparis spinosa,TRUE,463,0,0,TRUE,TRUE,FALSE,FALSE,FALSE,FALSE,TRUE,""
157,157,Sugar maple,Acer saccharum,TRUE,161,0,0,TRUE,TRUE,FALSE,FALSE,FALSE,TRUE,TRUE,""
163,163,Myrtle,Myrtus communis L.,TRUE,558,0,0,TRUE,TRUE,FALSE,FALSE,FALSE,FALSE,TRUE,""
169,169,Heartnut,Juglans sieboldiana,TRUE,222,0,0,TRUE,TRUE,FALSE,FALSE,FALSE,FALSE,TRUE,""
209,209,China tea,Camellia sinensis v sinens.,TRUE,667,0,0,TRUE,TRUE,FALSE,FALSE,FALSE,FALSE,TRUE,""
211,211,Canary grass,Phalaris canariensis L.,TRUE,101,0,0,TRUE,TRUE,FALSE,FALSE,FALSE,FALSE,TRUE,""
213,1,Sugar beet,Beta vulgaris L. v vulgaris,TRUE,157,0,0,TRUE,TRUE,FALSE,FALSE,FALSE,FALSE,TRUE,""
219,219,"Wheat, common",Triticum aestivum L.,TRUE,15,0,0,TRUE,TRUE,FALSE,FALSE,FALSE,FALSE,TRUE,""
220,220,Swede rap,Brassica napus L.,TRUE,270,0,0,TRUE,TRUE,FALSE,FALSE,FALSE,FALSE,TRUE,FAO_code is for canola
221,221,Chinese cabbage,Brassica chinensis L.,TRUE,358,0,0,TRUE,TRUE,FALSE,FALSE,FALSE,FALSE,TRUE,""
223,223,Barley,Hordeum vulgare L.,TRUE,44,0,0,TRUE,TRUE,FALSE,FALSE,FALSE,FALSE,TRUE,""
224,224,Oats,Avena sativa L.,TRUE,75,0,0,TRUE,TRUE,FALSE,FALSE,FALSE,FALSE,TRUE,""
225,225,Cabbage,Brassica oleracea L.v capi.,TRUE,358,0,0,TRUE,TRUE,FALSE,FALSE,FALSE,FALSE,TRUE,""
226,226,Lentil,Lens culinaris Medikus,TRUE,201,0,0,TRUE,TRUE,FALSE,FALSE,FALSE,FALSE,TRUE,""
227,227,Linseed,Linum usitatissimum L.,TRUE,333,771,773,TRUE,TRUE,TRUE,FALSE,FALSE,FALSE,TRUE,FAO_Codes 771 and 773 refers to fiber production
232,232,Watercress,Nasturtium officinale R.Br.,TRUE,463,0,0,TRUE,TRUE,FALSE,FALSE,FALSE,FALSE,TRUE,""
233,233,Jojoba,Simmondsia chinensis Link.,TRUE,277,0,0,TRUE,TRUE,FALSE,FALSE,FALSE,FALSE,TRUE,""
237,237,"Cherry, Sweet",Prunus avium L.,TRUE,531,0,0,TRUE,TRUE,FALSE,FALSE,FALSE,FALSE,TRUE,""
242,242,Coconut,Cocos nucifera L.,TRUE,249,813,0,TRUE,TRUE,FALSE,FALSE,FALSE,FALSE,TRUE,FAO_Code 813 refers to fiber production
243,243,Banana,Musa acuminata Colla,TRUE,486,0,0,TRUE,TRUE,FALSE,FALSE,FALSE,FALSE,TRUE,most cultivated bananas and plantains are hybrids of acuminata and balbisiana (or acuminata)
244,244,Tomato,Lycopersicon esculentum M.,TRUE,388,0,0,TRUE,TRUE,FALSE,FALSE,FALSE,FALSE,TRUE,""
245,245,Sweet orange,Citrus sinensis (L.) Osbeck,TRUE,490,0,0,TRUE,TRUE,FALSE,FALSE,FALSE,FALSE,TRUE,""
246,246,Apple,Malus sylvestris Mill.,TRUE,515,542,0,TRUE,TRUE,FALSE,FALSE,FALSE,FALSE,TRUE,FAO_Code 542 isn't specific.
247,247,Groundnut,Arachis hypogaea L.,TRUE,242,0,0,TRUE,TRUE,FALSE,FALSE,FALSE,FALSE,TRUE,""
248,248,Cacao,Theobroma cacao L.,TRUE,661,0,0,TRUE,TRUE,FALSE,FALSE,FALSE,FALSE,TRUE,""
249,249,African oil palm,Elaeis guineensis Jacq.,TRUE,254,257,0,TRUE,TRUE,FALSE,FALSE,FALSE,FALSE,TRUE,""
251,251,"Pepper, black or white",Piper nigrum L.,TRUE,687,0,0,TRUE,TRUE,FALSE,FALSE,FALSE,FALSE,TRUE,""
253,253,"Olive, Europaen",Olea europaea L.,TRUE,260,0,0,TRUE,TRUE,FALSE,FALSE,FALSE,FALSE,TRUE,""
254,254,Safflower,Carthamus tinctoius L.,TRUE,280,0,0,TRUE,TRUE,FALSE,FALSE,FALSE,FALSE,TRUE,""
255,255,Watermelon,Citrullus lanatus (T) Mansf,TRUE,567,0,0,TRUE,TRUE,FALSE,FALSE,FALSE,FALSE,TRUE,""
256,256,Cucumber,Cucumis sativus L.,TRUE,397,0,0,TRUE,TRUE,FALSE,FALSE,FALSE,FALSE,TRUE,""
257,257,Squash gourd,Cucurbita maxima Duch ex L.,TRUE,394,0,0,TRUE,TRUE,FALSE,FALSE,FALSE,FALSE,TRUE,""
258,258,Broad bean,Vicia faba L.,TRUE,181,420,0,TRUE,TRUE,FALSE,FALSE,FALSE,FALSE,TRUE,""
259,259,Mango,Mangifera indica L.,TRUE,571,0,0,TRUE,TRUE,FALSE,FALSE,FALSE,FALSE,TRUE,""
260,260,Papaya,Carica papaya L.,TRUE,600,0,0,TRUE,TRUE,FALSE,FALSE,FALSE,FALSE,TRUE,""
261,261,Cashew,Anacardium occidentale L.,TRUE,217,591,0,TRUE,TRUE,FALSE,FALSE,FALSE,FALSE,TRUE,""
262,262,Eggplant,Solanum melongena L.,TRUE,399,0,0,TRUE,TRUE,FALSE,FALSE,FALSE,FALSE,TRUE,""
263,263,Musk melon,Cucumis melo L.,TRUE,568,299,0,TRUE,TRUE,FALSE,FALSE,FALSE,FALSE,TRUE,""
267,267,Apricot,Prunus armeniaca L.,TRUE,526,0,0,TRUE,TRUE,FALSE,FALSE,FALSE,FALSE,TRUE,""
268,268,Peach,Prunus persica (L.) Batsch,TRUE,534,0,0,TRUE,TRUE,FALSE,FALSE,FALSE,FALSE,TRUE,""
269,269,Plum,Prunus domestica L.,TRUE,536,0,0,TRUE,TRUE,FALSE,FALSE,FALSE,FALSE,TRUE,""
270,270,Lychee,Litchi chinensis Sonn.,TRUE,619,0,0,TRUE,TRUE,FALSE,FALSE,FALSE,FALSE,TRUE,"the """"litchi"""" listed in FAO is Nephelium litchi, but probably refers to this species as this is the most common Lychee."
273,225,Brussels sprouts,Brassica oleracea L.v gemm.,TRUE,358,0,0,TRUE,TRUE,FALSE,FALSE,FALSE,FALSE,TRUE,""
274,225,Cauliflower,Brassica oleracea L.v botr.,TRUE,393,0,0,TRUE,TRUE,FALSE,FALSE,FALSE,FALSE,TRUE,""
275,225,Collards,Brassica oleracea L.v acep.,TRUE,358,0,0,TRUE,TRUE,FALSE,FALSE,FALSE,FALSE,TRUE,""
276,225,Kohlrabi,Brassica oleracea L.v gong.,TRUE,358,0,0,TRUE,TRUE,FALSE,FALSE,FALSE,FALSE,TRUE,""
278,278,Vegetable marrow,Cucurbita pepo L.,TRUE,394,0,0,TRUE,TRUE,FALSE,FALSE,FALSE,FALSE,TRUE,""
362,362,Umbrella pine,Pinus pinea L.,TRUE,234,0,0,TRUE,TRUE,FALSE,FALSE,FALSE,FALSE,TRUE,""
368,368,Tarwi,Lupinus mutabilis Sweet,TRUE,210,0,0,TRUE,TRUE,FALSE,FALSE,FALSE,FALSE,TRUE,""
369,369,Kiwifruit,Actinidia chinensis Planch.,TRUE,592,0,0,TRUE,TRUE,FALSE,FALSE,FALSE,FALSE,TRUE,""
370,370,European hazelnut,Corylus avellana L.,TRUE,225,0,0,TRUE,TRUE,FALSE,FALSE,FALSE,FALSE,TRUE,""
373,373,Durian,Durio zibethinus Murray,TRUE,603,0,0,TRUE,TRUE,FALSE,FALSE,FALSE,FALSE,TRUE,""
374,374,Tamarind,Tamarindus indica L.,TRUE,619,0,0,TRUE,TRUE,FALSE,FALSE,FALSE,FALSE,TRUE,""
375,375,Longan,Dimocarpus longan Lour long,TRUE,603,0,0,TRUE,TRUE,FALSE,FALSE,FALSE,FALSE,TRUE,""
376,376,Souari nut,Caryocar nuciferum L.,TRUE,234,0,0,TRUE,TRUE,FALSE,FALSE,FALSE,FALSE,TRUE,""
377,377,Pear,Pyrus communis L.,TRUE,521,542,0,TRUE,TRUE,FALSE,FALSE,FALSE,FALSE,TRUE,FAO_Code 542 isn't specific.
378,378,Sapodilla,Manilkara achras (Mill) Fos,TRUE,603,0,0,TRUE,TRUE,FALSE,FALSE,FALSE,FALSE,TRUE,""
380,380,"Cherry, Sour",Prunus cerasus L.,TRUE,530,0,0,TRUE,TRUE,FALSE,FALSE,FALSE,FALSE,TRUE,""
381,381,Red raspberry,Rubus idaeus L.,TRUE,547,0,0,TRUE,TRUE,FALSE,FALSE,FALSE,FALSE,TRUE,""
382,382,Black raspberry,Rubus occidentalis L.,TRUE,547,0,0,TRUE,TRUE,FALSE,FALSE,FALSE,FALSE,TRUE,""
383,383,Parsnip,Pastinaca sativa L.,TRUE,463,0,0,TRUE,TRUE,FALSE,FALSE,FALSE,FALSE,TRUE,""
384,220,Rutabaga,Brassica napus L. Napobras.,TRUE,463,0,0,TRUE,TRUE,FALSE,FALSE,FALSE,FALSE,TRUE,""
385,385,Common buckwheat,Fagopyrum esculentum Moench,TRUE,89,0,0,TRUE,TRUE,FALSE,FALSE,FALSE,FALSE,TRUE,""
388,388,Winter squash,Cucurbita mixta Pang.,TRUE,394,0,0,TRUE,TRUE,FALSE,FALSE,FALSE,FALSE,TRUE,""
390,390,Coriander,Coriandrum sativum L.,TRUE,711,0,0,TRUE,TRUE,FALSE,FALSE,FALSE,FALSE,TRUE,""
392,392,Common fig,Ficus carica L.,TRUE,569,0,0,TRUE,TRUE,FALSE,FALSE,FALSE,FALSE,TRUE,""
394,394,Kaki,Diospyros kaki L.f.,TRUE,587,0,0,TRUE,TRUE,FALSE,FALSE,FALSE,FALSE,TRUE,""
403,403,Cherimoya,Annona cherimolia Miller,TRUE,603,0,0,TRUE,TRUE,FALSE,FALSE,FALSE,FALSE,TRUE,""
404,404,Bullock's heart,Annona reticulata L.,TRUE,603,0,0,TRUE,TRUE,FALSE,FALSE,FALSE,FALSE,TRUE,""
406,406,Loquat,Eriobotrya japonica Lindley,TRUE,619,0,0,TRUE,TRUE,FALSE,FALSE,FALSE,FALSE,TRUE,""
408,408,Mammey apple,Mammea americana L.,TRUE,603,0,0,TRUE,TRUE,FALSE,FALSE,FALSE,FALSE,TRUE,""
409,409,Carambola,Averrhoa carambola L.,TRUE,603,0,0,TRUE,TRUE,FALSE,FALSE,FALSE,FALSE,TRUE,""
419,419,Teff,Eragrostis tef (Zucc.) Trot,TRUE,108,0,0,TRUE,TRUE,FALSE,FALSE,FALSE,FALSE,TRUE,""
436,436,Indian jujube,Ziziphus mauritianus Lamk.,TRUE,619,0,0,TRUE,TRUE,FALSE,FALSE,FALSE,FALSE,TRUE,Zizyphus
437,437,Nutmeg,Myristica fragrans Houtt.,TRUE,702,0,0,TRUE,TRUE,FALSE,FALSE,FALSE,FALSE,TRUE,""
442,442,Sweet bay,Laurus nobilis L.,TRUE,723,0,0,TRUE,TRUE,FALSE,FALSE,FALSE,FALSE,TRUE,""
450,450,Kapok,Ceiba pentandra (L.) Gaertn,TRUE,310,311,778,TRUE,TRUE,TRUE,FALSE,FALSE,FALSE,TRUE,""
451,451,Brazil nut,Bertholletia excelsa H.& B.,TRUE,216,0,0,TRUE,TRUE,FALSE,FALSE,FALSE,FALSE,TRUE,""
453,219,"Wheat, club",Triticum compactum Host,TRUE,15,0,0,TRUE,TRUE,FALSE,FALSE,FALSE,FALSE,TRUE,subspecies of T. aestivum
454,454,Canihua,Chenopodium pallidicaule H.,TRUE,108,0,0,TRUE,TRUE,FALSE,FALSE,FALSE,FALSE,TRUE,""
455,385,Fagopyrum emarginatum,Fagopyrum emarginatum,TRUE,89,0,0,TRUE,TRUE,FALSE,FALSE,FALSE,FALSE,TRUE,syn of F. esculentum
457,457,Citron,Citrus medica L.,TRUE,512,0,0,TRUE,TRUE,FALSE,FALSE,FALSE,FALSE,TRUE,""
459,459,Chufa,Cyperus esculentus L.,TRUE,149,0,0,TRUE,TRUE,FALSE,FALSE,FALSE,FALSE,TRUE,""
463,382,Purple raspberry,Rubus occidentalis x idaeus,TRUE,547,0,0,TRUE,TRUE,FALSE,FALSE,FALSE,FALSE,TRUE,""
477,477,Custard banana,Asiminia triloba (L.) Dunal,TRUE,619,0,0,TRUE,TRUE,FALSE,FALSE,FALSE,FALSE,TRUE,""
480,480,Starapple,Chrysophyllum cainito L.,TRUE,603,0,0,TRUE,TRUE,FALSE,FALSE,FALSE,FALSE,TRUE,""
483,483,Red mombin,Spondias purpurea L.,TRUE,603,0,0,TRUE,TRUE,FALSE,FALSE,FALSE,FALSE,TRUE,""
502,502,American oil palm,Elaeis oleifera,TRUE,257,0,0,TRUE,TRUE,FALSE,FALSE,FALSE,FALSE,TRUE,""
512,512,Plantain bananas,Musa balbisiana Colla,TRUE,489,0,0,TRUE,TRUE,FALSE,FALSE,FALSE,FALSE,TRUE,most cultivated bananas and plantains are hybrids of acuminata and balbisiana (or acuminata)
513,513,Anise,Pimpinella anisum L.,TRUE,711,0,0,TRUE,TRUE,FALSE,FALSE,FALSE,TRUE,TRUE,""
520,520,Hog plum,Spondias mombin L.,TRUE,603,0,0,TRUE,TRUE,FALSE,FALSE,FALSE,FALSE,TRUE,""
527,527,Muscadine grape,Vitis rotundifolia Michx.,TRUE,560,0,0,TRUE,TRUE,FALSE,FALSE,FALSE,FALSE,TRUE,not specified in FAO database but probably included
528,528,Fox grape,Vitis labrusca L.,TRUE,560,0,0,TRUE,TRUE,FALSE,FALSE,FALSE,FALSE,TRUE,not specified in FAO database but probably included
532,532,Caraway,Carum carvi L.,TRUE,711,0,0,TRUE,TRUE,FALSE,FALSE,FALSE,FALSE,TRUE,""
535,535,Saffron,Crocus sativus L.,TRUE,723,0,0,TRUE,TRUE,FALSE,FALSE,FALSE,FALSE,TRUE,""
538,538,Rice paddy (Japonica),Oryza sativa L. s. japonica,TRUE,27,0,0,TRUE,TRUE,FALSE,FALSE,FALSE,FALSE,TRUE,""
539,538,Rice upland (Japonica),Oryza sativa L. s. japonica,TRUE,27,0,0,TRUE,TRUE,FALSE,FALSE,FALSE,FALSE,TRUE,""
540,538,Bulu rice (Javanica),Oryza sativa s. javanica,TRUE,27,0,0,TRUE,TRUE,FALSE,FALSE,FALSE,FALSE,TRUE,""
542,542,Sorghum (med. altitude),Sorghum bicolor (L.) Moench,TRUE,83,0,0,TRUE,TRUE,FALSE,FALSE,FALSE,FALSE,TRUE,""
581,243,Banana,Musa acuminata x M. balbis.,TRUE,486,0,0,TRUE,TRUE,FALSE,FALSE,FALSE,FALSE,TRUE,most cultivated bananas and plantains are hybrids of acuminata and balbisiana (or acuminata)
723,723,Macademia nut,Macadamia tetraphylla,TRUE,234,0,0,TRUE,TRUE,FALSE,FALSE,FALSE,FALSE,TRUE,""
727,243,Banana,Musa halabanensis Meijer,TRUE,486,0,0,TRUE,TRUE,FALSE,FALSE,FALSE,FALSE,TRUE,syn of Musa acuminata
757,757,Hong Kong wild kumquat,Fortunella hindsii (C.) Sw.,TRUE,512,0,0,TRUE,TRUE,FALSE,FALSE,FALSE,FALSE,TRUE,syn of Fortunella japonica
758,758,Round kumquat,Fortunella japonica (T.) S.,TRUE,512,0,0,TRUE,TRUE,FALSE,FALSE,FALSE,FALSE,TRUE,""
759,759,Oval kumquat,Fortunella margarita (L) S.,TRUE,512,0,0,TRUE,TRUE,FALSE,FALSE,FALSE,FALSE,TRUE,syn of Fortunella japonica
760,760,Apple,Malus domestica Borkh.,TRUE,515,542,0,TRUE,TRUE,FALSE,FALSE,FALSE,FALSE,TRUE,FAO_Code 542 isn't specific.
761,761,"Apricot, Japanese",Prunus mume Siebold & Zucc.,TRUE,541,0,0,TRUE,TRUE,FALSE,FALSE,FALSE,FALSE,TRUE,""
762,762,Java apple,Eugenia javanica Lamk.,TRUE,542,0,0,TRUE,TRUE,FALSE,FALSE,FALSE,FALSE,TRUE,FAO_Code 542 isn't specific.
766,538,"Rice, paddy (Indica)",Oryza sativa L. s. indica,TRUE,27,0,0,TRUE,TRUE,FALSE,FALSE,FALSE,FALSE,TRUE,""
767,542,Sorghum (low altitude),Sorghum bicolor (L.) Moench,TRUE,83,0,0,TRUE,TRUE,FALSE,FALSE,FALSE,FALSE,TRUE,""
768,768,Soyabean,Glycine max (L.) Merrill,TRUE,236,0,0,TRUE,TRUE,FALSE,FALSE,FALSE,FALSE,TRUE,""
770,770,Tannia,Xanthosoma sagittifolium L.,TRUE,135,0,0,TRUE,TRUE,FALSE,FALSE,FALSE,FALSE,TRUE,""
771,771,"Okra, lady fingers",Abelmoschus esculentus (L.),TRUE,430,0,0,TRUE,TRUE,FALSE,FALSE,FALSE,FALSE,TRUE,""
774,774,Pineapple,Ananas comosus (L) Merr.,TRUE,574,0,0,TRUE,TRUE,FALSE,FALSE,FALSE,FALSE,TRUE,""
775,775,Sunflower,Helianthus annuus L v macro,TRUE,267,0,0,TRUE,TRUE,FALSE,FALSE,FALSE,FALSE,TRUE,""
778,778,Date palm,Phoenix dactylifera L.,TRUE,577,0,0,TRUE,TRUE,FALSE,FALSE,FALSE,FALSE,TRUE,""
779,779,Carob,Ceratonia siliqua L.,TRUE,461,0,0,TRUE,TRUE,FALSE,FALSE,FALSE,FALSE,TRUE,""
782,782,Avocado  (Mexican),Persea americana Mill.,TRUE,572,0,0,TRUE,TRUE,FALSE,FALSE,FALSE,FALSE,TRUE,""
784,784,Guava,Psidium guajava L.,TRUE,603,0,0,TRUE,TRUE,FALSE,FALSE,FALSE,FALSE,TRUE,""
788,788,Purple passionfruit,Passiflora edulis v edulis,TRUE,603,0,0,TRUE,TRUE,FALSE,FALSE,FALSE,FALSE,TRUE,""
789,789,Jack bean,Canavalia ensiformis (L) DC,TRUE,211,0,0,TRUE,TRUE,FALSE,FALSE,FALSE,FALSE,TRUE,""
791,791,Rice bean,Vigna umbellata (Thunb.),TRUE,176,0,0,TRUE,TRUE,FALSE,FALSE,FALSE,FALSE,TRUE,syn of Phaseolus calcaratus
792,792,Sword bean,Canavalia gladiata (Jacq)DC,TRUE,211,0,0,TRUE,TRUE,FALSE,FALSE,FALSE,FALSE,TRUE,""
793,793,Pistachio nut,Pistacia vera L.,TRUE,223,0,0,TRUE,TRUE,FALSE,FALSE,FALSE,FALSE,TRUE,""
794,794,Arrowroot,Maranta arundinacea L.,TRUE,149,0,0,TRUE,TRUE,FALSE,FALSE,FALSE,FALSE,TRUE,""
799,799,Job`s tears,Coix lacryma-jobi L.,TRUE,108,0,0,TRUE,TRUE,FALSE,FALSE,FALSE,FALSE,TRUE,""
836,836,Shea butter tree,Butyrospermum paradoxum (G),TRUE,263,0,0,TRUE,TRUE,FALSE,FALSE,FALSE,FALSE,TRUE,""
854,854,Lesser yam,Dioscorea esculenta (L.) B.,TRUE,137,0,0,TRUE,TRUE,FALSE,FALSE,FALSE,FALSE,TRUE,""
855,855,Greater yam,Dioscorea alata L.,TRUE,137,0,0,TRUE,TRUE,FALSE,FALSE,FALSE,FALSE,TRUE,""
884,884,Western elderberry,Sambucus cerulea Nutt.,TRUE,619,0,0,TRUE,TRUE,FALSE,FALSE,FALSE,FALSE,TRUE,""
885,885,"Cola-nut, commercial",Cola nitida (Vert.) Schott,TRUE,224,0,0,TRUE,TRUE,FALSE,FALSE,FALSE,FALSE,TRUE,""
886,886,Indianfig,Opunita ficus-indica (L.) M,TRUE,619,0,0,TRUE,TRUE,FALSE,TRUE,FALSE,FALSE,TRUE,""
887,887,Quince,Cydonia oblonga Mill.,TRUE,523,542,0,TRUE,TRUE,FALSE,FALSE,FALSE,FALSE,TRUE,FAO_Code 542 isn't specific.
890,890,Jerusalem artichoke,Helianthus tuberosus L.,TRUE,149,0,0,TRUE,TRUE,FALSE,FALSE,FALSE,FALSE,TRUE,""
891,891,Fig-leaved gourd,Cucurbita ficifolia Bouche,TRUE,394,0,0,TRUE,TRUE,FALSE,FALSE,FALSE,FALSE,TRUE,""
894,894,Potato yam,Dioscorea bulbifera L.,TRUE,137,0,0,TRUE,TRUE,FALSE,FALSE,FALSE,FALSE,TRUE,""
895,895,Bitter yam,Dioscorea dumetorum (K.) P.,TRUE,137,0,0,TRUE,TRUE,FALSE,FALSE,FALSE,FALSE,TRUE,""
897,897,White yam,Dioscorea rotundata Poir.,TRUE,137,0,0,TRUE,TRUE,FALSE,FALSE,FALSE,FALSE,TRUE,""
898,898,Chush-chush yam,Dioscorea trifida L.,TRUE,137,0,0,TRUE,TRUE,FALSE,FALSE,FALSE,FALSE,TRUE,""
902,902,Peruvian carrot,Arracacia xanthorrhiza Ban.,TRUE,149,0,0,TRUE,TRUE,FALSE,FALSE,FALSE,FALSE,TRUE,""
905,905,Pomegranate,Punica granatum L.,TRUE,619,0,0,TRUE,TRUE,FALSE,FALSE,FALSE,FALSE,TRUE,""
906,906,Niger-seed (Indian),Guizotia abyssinica Cass.,TRUE,339,0,0,TRUE,TRUE,FALSE,FALSE,FALSE,FALSE,TRUE,""
919,919,Sugar apple,Annona squamosa L.,TRUE,603,0,0,TRUE,TRUE,FALSE,FALSE,FALSE,FALSE,TRUE,""
920,920,Ilama,Annona diversifolia Saff.,TRUE,603,0,0,TRUE,TRUE,FALSE,FALSE,FALSE,FALSE,TRUE,""
921,921,Mountain soursop,Annona montana Macfad.,TRUE,603,0,0,TRUE,TRUE,FALSE,FALSE,FALSE,FALSE,TRUE,""
925,1594,Pulasan,Nephelium mutabile Bl.,TRUE,603,0,0,TRUE,TRUE,FALSE,FALSE,FALSE,FALSE,TRUE,syn of N. lappaceum and N. ramboutan-ake
933,933,Sapote,Pouteria sapota (Jacq) H.M.,TRUE,603,0,0,TRUE,TRUE,FALSE,FALSE,FALSE,FALSE,TRUE,""
937,937,Breadfruit,Artocarpus altilis (Park.),TRUE,603,0,0,TRUE,TRUE,FALSE,FALSE,FALSE,FALSE,TRUE,""
946,946,Japanese millet,Echinochloa frumentacea (R),TRUE,79,0,0,TRUE,TRUE,FALSE,FALSE,FALSE,FALSE,TRUE,""
966,966,Kodo millet,Paspalum scrobiculatum L.,TRUE,79,0,0,TRUE,TRUE,FALSE,FALSE,FALSE,FALSE,TRUE,""
1012,1012,Clove,Eugenia aromatica Kuntze,TRUE,698,0,0,TRUE,TRUE,FALSE,FALSE,FALSE,FALSE,TRUE,""
1014,1014,Fenugreek,Trigonella foenum-graecum L,TRUE,723,0,0,TRUE,TRUE,FALSE,FALSE,FALSE,FALSE,TRUE,""
1016,1016,Cinnamon,Cinnamomum verum Presl.,TRUE,693,0,0,TRUE,TRUE,FALSE,FALSE,FALSE,FALSE,TRUE,""
1019,1019,Pimento,Pimenta dioica (L.) Merr.,TRUE,401,689,0,TRUE,TRUE,FALSE,FALSE,FALSE,FALSE,TRUE,""
1020,1020,Tumeric,Curcuma domestica Val.,TRUE,723,0,0,TRUE,TRUE,FALSE,FALSE,FALSE,FALSE,TRUE,""
1021,1021,Cardamom,Elettaria cardamomum L. Ma.,TRUE,702,0,0,TRUE,TRUE,FALSE,FALSE,FALSE,FALSE,TRUE,""
1022,1022,Vanilla,Vanilla planifolia Andrews,TRUE,692,0,0,TRUE,TRUE,FALSE,FALSE,FALSE,FALSE,TRUE,""
1023,1023,Bergamot,Citrus aurantium v bergamia,TRUE,512,0,0,TRUE,TRUE,FALSE,FALSE,FALSE,FALSE,TRUE,""
1026,1026,Cumin,Cuminum cyminum L.,TRUE,711,0,0,TRUE,TRUE,FALSE,FALSE,FALSE,FALSE,TRUE,""
1032,1032,Garden cress,Lepidium sativum L.,TRUE,463,0,0,TRUE,TRUE,FALSE,FALSE,FALSE,FALSE,TRUE,""
1038,1038,Sugar palm,Arenga pinnata (Wurmb.)Merr,TRUE,161,0,0,TRUE,TRUE,FALSE,FALSE,FALSE,FALSE,TRUE,""
1053,1053,Coffee liberica,Coffea liberica Bull ex He.,TRUE,656,0,0,TRUE,TRUE,FALSE,FALSE,FALSE,FALSE,TRUE,""
1057,1057,Eddoe,Colocasia esculenta v. ant.,TRUE,136,0,0,TRUE,TRUE,FALSE,FALSE,FALSE,FALSE,TRUE,""
1058,1058,Thorny bamboo,Bambusa arundinacea Willd.,TRUE,463,0,0,TRUE,TRUE,FALSE,FALSE,FALSE,FALSE,TRUE,""
1064,1064,Bariala,Bambusa vulgaris Schrad.,TRUE,463,0,0,TRUE,TRUE,FALSE,FALSE,FALSE,FALSE,TRUE,""
1067,1067,Abata kola,Cola acuminata (Beauv.) Sc.,TRUE,224,0,0,TRUE,TRUE,FALSE,FALSE,FALSE,FALSE,TRUE,""
1070,1070,African rice,Oryza glaberrima Steud.,TRUE,27,0,0,TRUE,TRUE,FALSE,FALSE,FALSE,FALSE,TRUE,""
1074,1074,Japanese cane,Saccharum sinense Roxb.,TRUE,156,0,0,TRUE,TRUE,FALSE,FALSE,FALSE,FALSE,TRUE,""
1077,1077,Mate,Ilex paraguaiensis A. St-H.,TRUE,671,0,0,TRUE,TRUE,FALSE,FALSE,FALSE,FALSE,TRUE,""
1081,1081,Garden oarch,Atriplex hortensis L.,TRUE,373,0,0,TRUE,TRUE,FALSE,FALSE,FALSE,FALSE,TRUE,""
1085,253,Wild olive,Olea africana Miller,TRUE,260,0,0,TRUE,TRUE,FALSE,FALSE,FALSE,FALSE,TRUE,subspecies of O. europaea
1088,1088,Chilean strawberry,Fragaria chiloensis L. Duch,TRUE,544,0,0,TRUE,TRUE,FALSE,FALSE,FALSE,FALSE,TRUE,""
1089,1089,Virginia strawberry,Fragaria virginiana Duch.,TRUE,544,0,0,TRUE,TRUE,FALSE,FALSE,FALSE,FALSE,TRUE,""
1091,1091,Tung-oil-tree,Aleurites fordii Hemsl.,TRUE,275,0,0,TRUE,TRUE,FALSE,FALSE,FALSE,FALSE,TRUE,""
1092,1092,Candlenut,Aleurites moluccana (L.) W.,TRUE,339,0,0,TRUE,TRUE,FALSE,FALSE,FALSE,FALSE,TRUE,""
1122,1122,Sal,Shorea robusta Gaertn. f.,TRUE,339,0,0,TRUE,TRUE,FALSE,FALSE,TRUE,FALSE,TRUE,""
1155,1155,Hungry rice,Digitaria exilis (Kippist),TRUE,94,0,0,TRUE,TRUE,FALSE,FALSE,FALSE,FALSE,TRUE,""
1171,1171,Sowpea,Vigna unguiculata bliflo. L,TRUE,195,0,0,TRUE,TRUE,FALSE,FALSE,FALSE,FALSE,TRUE,syn of V. sinensis
1196,1196,Mashua,Tropaeolum tuberosum R.& P.,TRUE,149,0,0,TRUE,TRUE,FALSE,FALSE,FALSE,FALSE,TRUE,""
1197,1197,Oca,Oxalis tuberosa Molina,TRUE,149,0,0,TRUE,TRUE,FALSE,FALSE,FALSE,FALSE,TRUE,""
1198,1198,Ullucu,Ullucus tuberosus Caldas,TRUE,149,0,0,TRUE,TRUE,FALSE,FALSE,FALSE,FALSE,TRUE,""
1241,1241,Kat illipi,Bassia latifolia Roxb.,TRUE,339,0,0,TRUE,TRUE,FALSE,FALSE,FALSE,FALSE,TRUE,""
1243,253,Indian olive,Olea cuspidata Wall.,TRUE,260,0,0,TRUE,TRUE,FALSE,FALSE,FALSE,FALSE,TRUE,subspecies of O. europaea
1268,1268,Babacu palm,Orbignya martiana Bard&Rodr,TRUE,256,0,0,TRUE,TRUE,FALSE,FALSE,FALSE,TRUE,TRUE,syn of Attalea speciosa
1269,1268,Babacu palm,Orbignya oleifera Burret,TRUE,256,0,0,TRUE,TRUE,FALSE,FALSE,FALSE,TRUE,TRUE,syn of Attalea speciosa
1289,1289,Chinese tallow tree,Sapium sebiferum (L.) Roxb.,TRUE,305,0,0,TRUE,TRUE,FALSE,FALSE,TRUE,TRUE,TRUE,""
1304,1304,Chinese cassia,Cinnamomum cassia Presl.,TRUE,693,0,0,TRUE,TRUE,FALSE,FALSE,FALSE,FALSE,TRUE,""
1309,1309,Java-almond,Canarium indicum L.,TRUE,234,0,0,TRUE,TRUE,FALSE,FALSE,FALSE,FALSE,TRUE,""
1337,538,Rice upland (Indica),Oryza sativa L. s. indica,TRUE,27,0,0,TRUE,TRUE,FALSE,FALSE,FALSE,FALSE,TRUE,""
1338,782,Avocado  (Guatemalan),Persea americana Mill.,TRUE,572,0,0,TRUE,TRUE,FALSE,FALSE,FALSE,FALSE,TRUE,""
1339,782,Avocado  (West Indian),Persea americana Mill.,TRUE,572,0,0,TRUE,TRUE,FALSE,FALSE,FALSE,FALSE,TRUE,""
1340,788,Golden passionfruit,Passiflora edulis v flavic.,TRUE,603,0,0,TRUE,TRUE,FALSE,FALSE,FALSE,FALSE,TRUE,""
1341,906,Niger seed (Ethiopian),Guizotia abyssinica Cass.,TRUE,339,0,0,TRUE,TRUE,FALSE,FALSE,FALSE,FALSE,TRUE,""
1342,542,Sorghum (high altitude),Sorghum bicolor (L.) Moench,TRUE,83,0,0,TRUE,TRUE,FALSE,FALSE,FALSE,FALSE,TRUE,""
1367,1367,Philippine lime,Citrus madurensis Lour.,TRUE,512,0,0,TRUE,TRUE,FALSE,FALSE,FALSE,FALSE,TRUE,""
1419,209,Assam tea,Camellia sinensis v assam.,TRUE,667,0,0,TRUE,TRUE,FALSE,FALSE,FALSE,FALSE,TRUE,""
1485,1485,Pili nut,Canarium ovatum Engl.,TRUE,234,0,0,TRUE,TRUE,FALSE,FALSE,FALSE,FALSE,TRUE,""
1504,1504,Giant bamboo,Dendrocalamus asper (Schu.),TRUE,463,0,0,TRUE,TRUE,FALSE,FALSE,TRUE,FALSE,TRUE,""
1518,1518,Botil,Phaseolus polyanthus Green.,TRUE,176,414,0,TRUE,TRUE,FALSE,FALSE,FALSE,FALSE,TRUE,syn of P. coccineus
1519,1519,Poshte,Annona scleroderma Saff.,TRUE,603,0,0,TRUE,TRUE,FALSE,FALSE,FALSE,FALSE,TRUE,""
1536,375,Mata kucing,Dimocarpus longan Lour male,TRUE,603,0,0,TRUE,TRUE,FALSE,FALSE,FALSE,FALSE,TRUE,""
1547,1547,Potato,Solanum tuberosum L.,TRUE,116,0,0,TRUE,TRUE,FALSE,FALSE,FALSE,FALSE,TRUE,""
1548,209,Tea,Camellia sinensis (L) O.K.,TRUE,667,0,0,TRUE,TRUE,FALSE,FALSE,FALSE,FALSE,TRUE,""
1549,1549,Sesame seed,Sesamum indicum L.,TRUE,289,0,0,TRUE,TRUE,FALSE,FALSE,FALSE,FALSE,TRUE,""
1550,1550,Onion,Allium cepa L. v cepa,TRUE,403,0,0,TRUE,TRUE,FALSE,FALSE,FALSE,FALSE,TRUE,""
1551,1057,Cocoyam,Colocasia esculenta (L.) S.,TRUE,136,0,0,TRUE,TRUE,FALSE,FALSE,FALSE,FALSE,TRUE,""
1552,1552,Macademia nut,Macademia integrifolia M&B.,TRUE,234,0,0,TRUE,TRUE,FALSE,FALSE,FALSE,FALSE,TRUE,""
1554,1554,Almond,Prunus amygdalus Batsch.,TRUE,221,0,0,TRUE,TRUE,FALSE,FALSE,FALSE,FALSE,TRUE,""
1557,1557,Garden strawberry,Fragaria x ananassa (D.) G.,TRUE,544,0,0,TRUE,TRUE,FALSE,FALSE,FALSE,FALSE,TRUE,""
1558,1558,Pecan nut,Carya illinoensis Wangenh.,TRUE,234,0,0,TRUE,TRUE,FALSE,FALSE,FALSE,FALSE,TRUE,""
1559,1559,Hyacinth bean,Lablab purpureus Medik.,TRUE,211,0,0,TRUE,TRUE,FALSE,FALSE,FALSE,FALSE,TRUE,""
1561,1561,Sago palm,Metroxylon sagu Rottboell,TRUE,149,0,0,TRUE,TRUE,FALSE,FALSE,FALSE,FALSE,TRUE,""
1565,1565,Asparagus,Asparagus officinalis L.,TRUE,367,0,0,TRUE,TRUE,FALSE,FALSE,FALSE,FALSE,TRUE,""
1567,1567,Peppermint,Mentha x piperita L.,TRUE,748,0,0,TRUE,TRUE,FALSE,FALSE,FALSE,TRUE,TRUE,""
1568,225,Sprouting broccoli,Brassica oleracea L.v ital.,TRUE,358,0,0,TRUE,TRUE,FALSE,FALSE,FALSE,FALSE,TRUE,""
1569,1569,Chicory,Cichorium intybus L.,TRUE,459,372,0,TRUE,TRUE,FALSE,FALSE,FALSE,FALSE,TRUE,""
1570,1570,Endive,Cichorium endivia L.,TRUE,372,0,0,TRUE,TRUE,FALSE,FALSE,FALSE,FALSE,TRUE,""
1572,1572,Globe artichoke,Cynara scolymus L.,TRUE,366,0,0,TRUE,TRUE,FALSE,FALSE,FALSE,FALSE,TRUE,""
1573,1573,Ginger,Zingiber officinale Rosc.,TRUE,720,0,0,TRUE,TRUE,FALSE,FALSE,FALSE,FALSE,TRUE,""
1574,41,Celeriac,Apium graveolens L. v rapac,TRUE,463,0,0,TRUE,TRUE,FALSE,FALSE,FALSE,FALSE,TRUE,""
1575,1575,Horseradish,Armoracia rusticana P.Gaer.,TRUE,463,0,0,TRUE,TRUE,FALSE,FALSE,FALSE,FALSE,TRUE,""
1581,1581,Parsley,Petroselinum crispum Mill.,TRUE,463,0,0,TRUE,TRUE,FALSE,FALSE,FALSE,FALSE,TRUE,""
1583,1583,Cranberry,Vaccinium macrocarpon Ait.,TRUE,554,0,0,TRUE,TRUE,FALSE,FALSE,FALSE,FALSE,TRUE,""
1585,1585,Highbush blueberry,Vaccinium corymbosum L.,TRUE,552,0,0,TRUE,TRUE,FALSE,FALSE,FALSE,FALSE,TRUE,""
1587,1587,Hops,Humulus lupulus L.,TRUE,677,0,0,TRUE,TRUE,FALSE,FALSE,FALSE,FALSE,TRUE,""
1589,1589,European gooseberry,Ribes uva-crispa L.,TRUE,549,0,0,TRUE,TRUE,FALSE,FALSE,FALSE,FALSE,TRUE,syn of R. grossularia
1593,1593,Tahiti lime,Citrus latifolia Tan.,TRUE,512,0,0,TRUE,TRUE,FALSE,FALSE,FALSE,FALSE,TRUE,""
1594,1594,Rambutan,Nephelium lappaceum L.,TRUE,603,0,0,TRUE,TRUE,FALSE,FALSE,FALSE,FALSE,TRUE,""
1595,1595,Soursop,Annona muricata L.,TRUE,603,0,0,TRUE,TRUE,FALSE,FALSE,FALSE,FALSE,TRUE,""
1596,1596,Mangosteen,Garcinia mangostana L.,TRUE,603,0,0,TRUE,TRUE,FALSE,FALSE,FALSE,FALSE,TRUE,""
1599,1599,Feijoa,Feijoa sellowiana O. Berg,TRUE,603,0,0,TRUE,TRUE,FALSE,FALSE,FALSE,FALSE,TRUE,""
1600,1600,Mediterranea mandarin,Citrus deliciosa Ten.,TRUE,512,0,0,TRUE,TRUE,FALSE,FALSE,FALSE,FALSE,TRUE,""
1601,1601,Atemoya,Annona atemoya Hort,TRUE,603,0,0,TRUE,TRUE,FALSE,FALSE,FALSE,FALSE,TRUE,""
1602,1602,Black mulberry,Morus nigra L.,TRUE,558,0,0,TRUE,TRUE,FALSE,FALSE,FALSE,FALSE,TRUE,""
1605,1605,Satsuma mandarin,Citrus unshiu Marcovitch,TRUE,495,0,0,TRUE,TRUE,FALSE,FALSE,FALSE,FALSE,TRUE,""
1606,1023,Sour orange,Citrus aurantium L.,TRUE,490,0,0,TRUE,TRUE,FALSE,FALSE,FALSE,FALSE,TRUE,""
1607,1607,Spinach,Spinacia oleracea L.,TRUE,373,0,0,TRUE,TRUE,FALSE,FALSE,FALSE,FALSE,TRUE,""
1608,1550,Shallot,Allium cepa L. v aggregatum,TRUE,402,0,0,TRUE,TRUE,FALSE,FALSE,FALSE,FALSE,TRUE,""
1609,1609,Welsh onion,Allium fistulosum L.,TRUE,402,0,0,TRUE,TRUE,FALSE,FALSE,FALSE,FALSE,TRUE,""
1610,1610,Inca wheat,Amaranthus caudatus L.,TRUE,108,0,0,TRUE,TRUE,FALSE,FALSE,FALSE,FALSE,TRUE,""
1615,1615,"Radish, Chinese",Raphanus sativus L. (C.R.),TRUE,463,0,0,TRUE,TRUE,FALSE,FALSE,FALSE,FALSE,TRUE,""
1616,1616,Yellow yam,Dioscorea cayenensis Lam.,TRUE,137,0,0,TRUE,TRUE,FALSE,FALSE,FALSE,FALSE,TRUE,""
1618,266,Bird rape,Brassica campestris L.,TRUE,426,0,0,TRUE,TRUE,FALSE,FALSE,FALSE,FALSE,TRUE,this is now Brassica rapa
1620,1620,"Wheat, durum",Triticum durum Desf.,TRUE,15,0,0,TRUE,TRUE,FALSE,FALSE,FALSE,FALSE,TRUE,""
1621,1621,Quinoa,Chenopodium quinoa Willden.,TRUE,92,0,0,TRUE,TRUE,FALSE,FALSE,FALSE,FALSE,TRUE,""
1622,1622,White mulberry,Morus alba  L.,TRUE,558,0,0,TRUE,TRUE,FALSE,FALSE,FALSE,FALSE,TRUE,""
1623,1623,Red mulberry,Morus rubra L.,TRUE,558,0,0,TRUE,TRUE,FALSE,FALSE,FALSE,FALSE,TRUE,""
1626,1626,Buffalo gourd,Cucurbita foetidissima HBK,TRUE,394,0,0,TRUE,TRUE,FALSE,FALSE,FALSE,FALSE,TRUE,""
1627,1615,"Radish, Leaf",Raphanus sativus L. (L.R.),TRUE,463,0,0,TRUE,TRUE,FALSE,FALSE,FALSE,FALSE,TRUE,""
1628,1615,"Radish, Rat-tailed",Raphanus sativus L. (R.R.),TRUE,463,0,0,TRUE,TRUE,FALSE,FALSE,FALSE,FALSE,TRUE,""
1629,1615,"Radish, Western",Raphanus sativus L. (S.R.),TRUE,463,0,0,TRUE,TRUE,FALSE,FALSE,FALSE,FALSE,TRUE,""
1636,1636,Maize,Zea mays L. s. mays,TRUE,56,0,0,TRUE,TRUE,FALSE,TRUE,FALSE,FALSE,TRUE,""
1637,1637,European wine grape,Vitis vinifera L.,TRUE,560,0,0,TRUE,TRUE,FALSE,FALSE,FALSE,FALSE,TRUE,""
1638,1638,Cassava,Manihot esculenta Crantz.,TRUE,125,378,0,TRUE,TRUE,FALSE,FALSE,FALSE,FALSE,TRUE,""
1639,1639,Sugarcane,Saccharum officinarum L.,TRUE,156,0,0,TRUE,TRUE,FALSE,FALSE,FALSE,FALSE,TRUE,""
1640,1640,Coffee arabica,Coffea arabica L.,TRUE,656,0,0,TRUE,TRUE,FALSE,FALSE,FALSE,FALSE,TRUE,""
1641,1641,Coffee robusta,Coffea canephora Pierre,TRUE,656,0,0,TRUE,TRUE,FALSE,FALSE,FALSE,FALSE,TRUE,""
1642,1642,Rye,Secale cereale L.,TRUE,71,0,0,TRUE,TRUE,FALSE,FALSE,FALSE,FALSE,TRUE,""
1643,1643,"Millet, common",Panicum miliaceum L.,TRUE,79,0,0,TRUE,TRUE,FALSE,FALSE,FALSE,FALSE,TRUE,""
1644,1644,Sweet potato,Ipomoea batatas (L.) Lam.,TRUE,122,0,0,TRUE,TRUE,FALSE,FALSE,FALSE,FALSE,TRUE,""
1645,1645,Citrus,Citrus spp,TRUE,512,0,0,TRUE,TRUE,FALSE,FALSE,FALSE,FALSE,TRUE,""
1646,1171,Cowpea,Vigna unguiculata unguic. L,TRUE,195,0,0,TRUE,TRUE,FALSE,FALSE,FALSE,FALSE,TRUE,syn of V. sinensis
1647,1647,Sweet pepper,Capsicum annuum L.,TRUE,401,689,0,TRUE,TRUE,FALSE,FALSE,FALSE,FALSE,TRUE,""
1649,1649,Pea,Pisum sativum L.,TRUE,417,187,0,TRUE,TRUE,FALSE,FALSE,FALSE,FALSE,TRUE,""
1650,1650,Chick pea,Cicer arietinum L.,TRUE,191,0,0,TRUE,TRUE,FALSE,FALSE,FALSE,FALSE,TRUE,""
1651,1651,"Bean, Common",Phaseolus vulgaris L.,TRUE,176,414,423,TRUE,TRUE,FALSE,FALSE,FALSE,FALSE,TRUE,""
1652,1652,Lettuce,Lactuca sativa L.,TRUE,372,0,0,TRUE,TRUE,FALSE,FALSE,FALSE,FALSE,TRUE,""
1653,1653,Pigeon Pea,Cajanus cajan (L.) Mill ssp,TRUE,197,0,0,TRUE,TRUE,FALSE,FALSE,FALSE,FALSE,TRUE,""
1654,1654,Cluster bean,Cyamopsis tetragonoloba (L),TRUE,211,0,0,TRUE,TRUE,FALSE,FALSE,FALSE,FALSE,TRUE,""
1656,1656,Adzuki bean,Vigna angularis (Willd.) O.,TRUE,176,414,0,TRUE,TRUE,FALSE,FALSE,FALSE,FALSE,TRUE,""
1657,1171,Asparagus bean,Vigna unguiculata sesqui. L,TRUE,195,0,0,TRUE,TRUE,FALSE,FALSE,FALSE,FALSE,TRUE,syn of V. sinensis
1659,1659,Lima bean,Phaseolus lunatus L.,TRUE,176,414,0,TRUE,TRUE,FALSE,FALSE,FALSE,FALSE,TRUE,""
1660,1660,Moth bean,Vigna aconitifolia (Jacq.),TRUE,176,414,0,TRUE,TRUE,FALSE,FALSE,FALSE,FALSE,TRUE,""
1661,1661,Mung bean,Vigna radiata (L.) Wilczek,TRUE,176,0,0,TRUE,TRUE,FALSE,FALSE,FALSE,FALSE,TRUE,""
1662,1662,Scarlet runner bean,Phaseolus coccineus L.,TRUE,176,414,0,TRUE,TRUE,FALSE,FALSE,FALSE,FALSE,TRUE,""
1663,1663,Tepary bean,Phaseolus acutifolius Gray,TRUE,176,414,0,TRUE,TRUE,FALSE,FALSE,FALSE,FALSE,TRUE,""
1664,1664,Urd bean,Vigna mungo (L.) Hepper,TRUE,176,414,0,TRUE,TRUE,FALSE,FALSE,FALSE,FALSE,TRUE,""
1665,1665,Velvet bean,Mucuna pruriens (L.) DC.,TRUE,211,0,0,TRUE,TRUE,FALSE,FALSE,FALSE,FALSE,TRUE,""
1666,1666,"Bean, Winged",Psophocarpus tetragonolobus,TRUE,211,0,0,TRUE,TRUE,FALSE,FALSE,FALSE,FALSE,TRUE,""
1667,1667,Bambara groundnut,Voandzeia subterranea (L)T.,TRUE,203,0,0,TRUE,TRUE,FALSE,FALSE,FALSE,FALSE,TRUE,""
1668,1668,Lemon,Citrus limon (L.) Burm. f.,TRUE,497,0,0,TRUE,TRUE,FALSE,FALSE,FALSE,FALSE,TRUE,""
1669,1669,Lime,Citrus aurantifolia (Chri.),TRUE,497,0,0,TRUE,TRUE,FALSE,FALSE,FALSE,FALSE,TRUE,""
1670,1670,Grapefruit,Citrus paradisi Macfad.Hook,TRUE,507,0,0,TRUE,TRUE,FALSE,FALSE,FALSE,FALSE,TRUE,""
1671,1671,Pummelo,Citrus maxima (Burm.) Merr.,TRUE,507,0,0,TRUE,TRUE,FALSE,FALSE,FALSE,FALSE,TRUE,""
1672,1672,Mandarin,Citrus reticulata Blanco x,TRUE,495,0,0,TRUE,TRUE,FALSE,FALSE,FALSE,FALSE,TRUE,""
1676,1676,Pumpkin,Cucurbita moschata (Duch.),TRUE,394,0,0,TRUE,TRUE,FALSE,FALSE,FALSE,FALSE,TRUE,""
1681,1681,Pearl millet,Pennisetum glaucum (L)R.Br.,TRUE,79,0,0,TRUE,TRUE,FALSE,FALSE,FALSE,FALSE,TRUE,""
1682,1682,Italian millet,Setaria italica (L.) Beauv.,TRUE,79,0,0,TRUE,TRUE,FALSE,FALSE,FALSE,FALSE,TRUE,""
1688,1688,Naranjilla,Solanum quitoense Lamarck,TRUE,603,0,0,TRUE,TRUE,FALSE,FALSE,FALSE,FALSE,TRUE,""
1691,1691,Yam bean,Pachyrrhizus erosus L Urban,TRUE,211,149,0,TRUE,TRUE,FALSE,FALSE,FALSE,FALSE,TRUE,""
1692,1692,Hot pepper,Capsicum frutescens L.,TRUE,401,689,0,TRUE,TRUE,FALSE,FALSE,FALSE,FALSE,TRUE,""
1694,1694,Finger millet,Eleusine coracana (L)Gaertn,TRUE,79,0,0,TRUE,TRUE,FALSE,FALSE,FALSE,FALSE,TRUE,""
1701,1636,Dent maize,Zea mays v. indentata Sturt,TRUE,56,0,0,TRUE,TRUE,FALSE,TRUE,FALSE,FALSE,TRUE,""
1702,1636,Flint maize,Zea mays v. indurata Sturt,TRUE,56,0,0,TRUE,TRUE,FALSE,TRUE,FALSE,FALSE,TRUE,""
1703,1636,Sweet Corn,Zea mays v.saccharata Sturt,TRUE,446,0,0,TRUE,TRUE,FALSE,TRUE,FALSE,FALSE,TRUE,""
1704,1636,Soft maize,Zea mays v. amylacea Sturt,TRUE,56,0,0,TRUE,TRUE,FALSE,TRUE,FALSE,FALSE,TRUE,""
1705,1636,Pop maize,Zea mays v. everta Sturt,TRUE,68,0,0,TRUE,TRUE,FALSE,TRUE,FALSE,FALSE,TRUE,""
1706,1636,Vaxy maize,Zea mays v. ceratina Kulash,TRUE,56,0,0,TRUE,TRUE,FALSE,TRUE,FALSE,FALSE,TRUE,""
1707,1636,Pod maize,Zea mays v. tunicata Sturt,TRUE,56,0,0,TRUE,TRUE,FALSE,TRUE,FALSE,FALSE,TRUE,""
1710,1710,Coffee excelsa,Coffea excelsa L.,TRUE,656,0,0,TRUE,TRUE,FALSE,FALSE,FALSE,FALSE,TRUE,""
